SET IDENTITY_INSERT [dbo].[SYS_DEPARTMENT] ON
INSERT INTO [dbo].[SYS_DEPARTMENT] ([ID], [CODE], [NAME], [BUSINESSLEVEL], [SHOWORDER], [CREATEPERID], [CREATEDATE], [PARENTID], [UPDATEDATE], [UPDATEUSER], [PARENTCODE]) VALUES (N'2ffabf27-7154-49aa-8c53-9d01a36d806e', N'001001', N'软件开发部', 2, 0, N'管理员', N'2016-06-06 00:00:00', N'f5bd0e51-7942-4e8d-88d7-c87ce9b2a8b2', N'2016-06-06 00:00:00', N'管理员', N'001')
INSERT INTO [dbo].[SYS_DEPARTMENT] ([ID], [CODE], [NAME], [BUSINESSLEVEL], [SHOWORDER], [CREATEPERID], [CREATEDATE], [PARENTID], [UPDATEDATE], [UPDATEUSER], [PARENTCODE]) VALUES (N'9c299b69-bf32-48ea-a1e0-97ee5217b283', N'002001', N'招聘', 2, 1, N'管理员', N'2016-08-15 21:03:24', N'ac0818cf-df88-41b3-99f4-4a623227164d', N'2016-08-15 21:03:24', N'管理员', N'002')
INSERT INTO [dbo].[SYS_DEPARTMENT] ([ID], [CODE], [NAME], [BUSINESSLEVEL], [SHOWORDER], [CREATEPERID], [CREATEDATE], [PARENTID], [UPDATEDATE], [UPDATEUSER], [PARENTCODE]) VALUES (N'ac0818cf-df88-41b3-99f4-4a623227164d', N'002', N'人事部', 1, 1, N'管理员', N'2016-06-17 00:00:00', NULL, N'2016-06-17 00:00:00', N'管理员', NULL)
INSERT INTO [dbo].[SYS_DEPARTMENT] ([ID], [CODE], [NAME], [BUSINESSLEVEL], [SHOWORDER], [CREATEPERID], [CREATEDATE], [PARENTID], [UPDATEDATE], [UPDATEUSER], [PARENTCODE]) VALUES (N'cb509502-b5e1-432c-a556-6be15ef19cb4', N'001002', N'餐饮部', 2, 0, N'管理员', N'2016-06-06 00:00:00', N'f5bd0e51-7942-4e8d-88d7-c87ce9b2a8b2', N'2016-06-06 00:00:00', N'管理员', N'001')
INSERT INTO [dbo].[SYS_DEPARTMENT] ([ID], [CODE], [NAME], [BUSINESSLEVEL], [SHOWORDER], [CREATEPERID], [CREATEDATE], [PARENTID], [UPDATEDATE], [UPDATEUSER], [PARENTCODE]) VALUES (N'f5bd0e51-7942-4e8d-88d7-c87ce9b2a8b2', N'001', N'技术部', 1, 0, N'管理员', N'2016-06-06 00:00:00', NULL, N'2016-06-06 00:00:00', N'管理员', NULL)
SET IDENTITY_INSERT [dbo].[SYS_DEPARTMENT] OFF

INSERT INTO [dbo].[SYS_SYSTEM] ([ID], [NAME], [SITEURL], [IS_LOGIN], [DOCKUSER], [DOCKPASS], [CREATEDATE], [REMARK]) VALUES ( N'fddeab19-3588-4fe1-83b6-c15d4abb942d', N'权限系统' ,N'/', 1, N'host', N'123456', '2017-03-28 02:37:36', N'权限系统')
INSERT INTO [dbo].[SYS_SYSTEM] ([ID], [NAME], [SITEURL], [IS_LOGIN], [DOCKUSER], [DOCKPASS], [CREATEDATE], [REMARK]) VALUES ( N'39defc64-dfa3-4cde-b0dc-4559e66bd968', N'邮件系统' ,N'/', 1, N'host', N'123456', '2017-03-28 02:37:36', N'邮件系统')
INSERT INTO [dbo].[SYS_SYSTEM] ([ID], [NAME], [SITEURL], [IS_LOGIN], [DOCKUSER], [DOCKPASS], [CREATEDATE], [REMARK]) VALUES ( N'de6bfe62-2816-44a8-b43a-cc09a35b489c', N'企业系统' ,N'/', 1, N'host', N'123456', '2017-03-28 02:37:36', N'企业系统')

SET IDENTITY_INSERT [dbo].[SYS_MODULE] ON
INSERT INTO [dbo].[SYS_MODULE] ([ID], [FK_BELONGSYSTEM], [PARENTID], [NAME], [ALIAS], [MODULETYPE], [ICON], [MODULEPATH], [ISSHOW], [SHOWORDER], [LEVELS], [IsVillage], [CREATEUSER], [CREATEDATE], [UPDATEUSER], [UPDATEDATE]) VALUES (42, N'fddeab19-3588-4fe1-83b6-c15d4abb942d', 0, N'系统管理中心', N'Workspace', 1, NULL, NULL, 1, 0, 0, 0, N'管理员', N'2015-01-01 00:00:00', N'管理员', N'2015-01-01 00:00:00')
INSERT INTO [dbo].[SYS_MODULE] ([ID], [FK_BELONGSYSTEM], [PARENTID], [NAME], [ALIAS], [MODULETYPE], [ICON], [MODULEPATH], [ISSHOW], [SHOWORDER], [LEVELS], [IsVillage], [CREATEUSER], [CREATEDATE], [UPDATEUSER], [UPDATEDATE]) VALUES (43, N'fddeab19-3588-4fe1-83b6-c15d4abb942d', 42, N'系统管理', N'System', 1, N'fa fa-modx', NULL, 1, 1, 1, 0, N'管理员', N'2015-01-01 00:00:00', N'管理员', N'2015-01-01 00:00:00')
INSERT INTO [dbo].[SYS_MODULE] ([ID], [FK_BELONGSYSTEM], [PARENTID], [NAME], [ALIAS], [MODULETYPE], [ICON], [MODULEPATH], [ISSHOW], [SHOWORDER], [LEVELS], [IsVillage], [CREATEUSER], [CREATEDATE], [UPDATEUSER], [UPDATEDATE]) VALUES (44, N'fddeab19-3588-4fe1-83b6-c15d4abb942d', 43, N'模块管理', N'Module', 2, N'', N'/Sys/Module', 1, 2, 2, 0, N'管理员', N'2015-01-01 00:00:00', N'管理员', N'2016-08-14 13:01:53')
INSERT INTO [dbo].[SYS_MODULE] ([ID], [FK_BELONGSYSTEM], [PARENTID], [NAME], [ALIAS], [MODULETYPE], [ICON], [MODULEPATH], [ISSHOW], [SHOWORDER], [LEVELS], [IsVillage], [CREATEUSER], [CREATEDATE], [UPDATEUSER], [UPDATEDATE]) VALUES (45, N'fddeab19-3588-4fe1-83b6-c15d4abb942d', 43, N'权限管理', N'Permission', 2, NULL, N'/Sys/Permission/Home', 1, 3, 2, 0, N'管理员', N'2015-01-01 00:00:00', N'管理员', N'2015-01-01 00:00:00')
INSERT INTO [dbo].[SYS_MODULE] ([ID], [FK_BELONGSYSTEM], [PARENTID], [NAME], [ALIAS], [MODULETYPE], [ICON], [MODULEPATH], [ISSHOW], [SHOWORDER], [LEVELS], [IsVillage], [CREATEUSER], [CREATEDATE], [UPDATEUSER], [UPDATEDATE]) VALUES (87, N'fddeab19-3588-4fe1-83b6-c15d4abb942d', 43, N'系统设置', N'SystemSet', 2, N'', N'/Sys/System', 1, 1, 2, 0, N'管理员', N'2016-06-02 10:39:01', N'管理员', N'2016-06-02 10:39:01')
INSERT INTO [dbo].[SYS_MODULE] ([ID], [FK_BELONGSYSTEM], [PARENTID], [NAME], [ALIAS], [MODULETYPE], [ICON], [MODULEPATH], [ISSHOW], [SHOWORDER], [LEVELS], [IsVillage], [CREATEUSER], [CREATEDATE], [UPDATEUSER], [UPDATEDATE]) VALUES (88, N'fddeab19-3588-4fe1-83b6-c15d4abb942d', 43, N'角色管理', N'Role', 2, N'', N'/Sys/Role', 1, 4, 2, 0, N'管理员', N'2016-06-04 09:06:12', N'管理员', N'2016-06-04 09:06:12')
INSERT INTO [dbo].[SYS_MODULE] ([ID], [FK_BELONGSYSTEM], [PARENTID], [NAME], [ALIAS], [MODULETYPE], [ICON], [MODULEPATH], [ISSHOW], [SHOWORDER], [LEVELS], [IsVillage], [CREATEUSER], [CREATEDATE], [UPDATEUSER], [UPDATEDATE]) VALUES (89, N'fddeab19-3588-4fe1-83b6-c15d4abb942d', 42, N'部门机构', N'CompanySpace', 1, N'fa fa-share-alt-square', N'javascript:void(0)', 1, 2, 1, 0, N'管理员', N'2016-06-04 21:13:10', N'管理员', N'2016-06-24 18:25:21')
INSERT INTO [dbo].[SYS_MODULE] ([ID], [FK_BELONGSYSTEM], [PARENTID], [NAME], [ALIAS], [MODULETYPE], [ICON], [MODULEPATH], [ISSHOW], [SHOWORDER], [LEVELS], [IsVillage], [CREATEUSER], [CREATEDATE], [UPDATEUSER], [UPDATEDATE]) VALUES (90, N'fddeab19-3588-4fe1-83b6-c15d4abb942d', 89, N'部门管理', N'Department', 2, NULL, N'/Sys/Department', 1, 0, 2, 0, N'管理员', N'2016-06-04 21:14:56', N'管理员', N'2016-08-14 13:33:41')
INSERT INTO [dbo].[SYS_MODULE] ([ID], [FK_BELONGSYSTEM], [PARENTID], [NAME], [ALIAS], [MODULETYPE], [ICON], [MODULEPATH], [ISSHOW], [SHOWORDER], [LEVELS], [IsVillage], [CREATEUSER], [CREATEDATE], [UPDATEUSER], [UPDATEDATE]) VALUES (91, N'fddeab19-3588-4fe1-83b6-c15d4abb942d', 89, N'岗位管理', N'Post', 2, N'', N'/Sys/Post/Home', 1, 1, 2, 0, N'管理员', N'2016-06-04 21:17:12', N'管理员', N'2016-06-04 21:17:12')
INSERT INTO [dbo].[SYS_MODULE] ([ID], [FK_BELONGSYSTEM], [PARENTID], [NAME], [ALIAS], [MODULETYPE], [ICON], [MODULEPATH], [ISSHOW], [SHOWORDER], [LEVELS], [IsVillage], [CREATEUSER], [CREATEDATE], [UPDATEUSER], [UPDATEDATE]) VALUES (92, N'fddeab19-3588-4fe1-83b6-c15d4abb942d', 89, N'员工管理', N'User', 2, N'', N'/Sys/User', 1, 2, 2, 0, N'管理员', N'2016-06-04 21:18:41', N'管理员', N'2016-06-06 15:39:04')
INSERT INTO [dbo].[SYS_MODULE] ([ID], [FK_BELONGSYSTEM], [PARENTID], [NAME], [ALIAS], [MODULETYPE], [ICON], [MODULEPATH], [ISSHOW], [SHOWORDER], [LEVELS], [IsVillage], [CREATEUSER], [CREATEDATE], [UPDATEUSER], [UPDATEDATE]) VALUES (93, N'fddeab19-3588-4fe1-83b6-c15d4abb942d', 42, N'文件管理', N'FilesSpace', 1, N'fa fa-folder-open-o', N'javascript:void(0)', 1, 3, 1, 0, N'管理员', N'2016-06-12 11:59:10', N'管理员', N'2016-06-12 12:00:02')
INSERT INTO [dbo].[SYS_MODULE] ([ID], [FK_BELONGSYSTEM], [PARENTID], [NAME], [ALIAS], [MODULETYPE], [ICON], [MODULEPATH], [ISSHOW], [SHOWORDER], [LEVELS], [IsVillage], [CREATEUSER], [CREATEDATE], [UPDATEUSER], [UPDATEDATE]) VALUES (94, N'fddeab19-3588-4fe1-83b6-c15d4abb942d', 93, N'文件管理', N'Files', 2, N'', N'/Com/Upload/Home', 1, 0, 2, 0, N'管理员', N'2016-06-12 14:13:51', N'管理员', N'2016-06-12 14:13:51')
INSERT INTO [dbo].[SYS_MODULE] ([ID], [FK_BELONGSYSTEM], [PARENTID], [NAME], [ALIAS], [MODULETYPE], [ICON], [MODULEPATH], [ISSHOW], [SHOWORDER], [LEVELS], [IsVillage], [CREATEUSER], [CREATEDATE], [UPDATEUSER], [UPDATEDATE]) VALUES (1093, N'fddeab19-3588-4fe1-83b6-c15d4abb942d', 93, N'上传记录', N'UploadLog', 2, N'', N'/Com/UploadLog', 1, 1, 2, 0, N'管理员', N'2016-06-14 09:01:44', N'管理员', N'2016-06-14 09:01:44')
INSERT INTO [dbo].[SYS_MODULE] ([ID], [FK_BELONGSYSTEM], [PARENTID], [NAME], [ALIAS], [MODULETYPE], [ICON], [MODULEPATH], [ISSHOW], [SHOWORDER], [LEVELS], [IsVillage], [CREATEUSER], [CREATEDATE], [UPDATEUSER], [UPDATEDATE]) VALUES (1094, N'fddeab19-3588-4fe1-83b6-c15d4abb942d', 42, N'备份还原', N'BackupRestore', 1, N'fa fa-database', N'javascript:void(0)', 1, 4, 1, 0, N'管理员', N'2016-06-14 10:45:05', N'管理员', N'2016-06-14 10:45:05')
INSERT INTO [dbo].[SYS_MODULE] ([ID], [FK_BELONGSYSTEM], [PARENTID], [NAME], [ALIAS], [MODULETYPE], [ICON], [MODULEPATH], [ISSHOW], [SHOWORDER], [LEVELS], [IsVillage], [CREATEUSER], [CREATEDATE], [UPDATEUSER], [UPDATEDATE]) VALUES (1095, N'fddeab19-3588-4fe1-83b6-c15d4abb942d', 1094, N'数据备份', N'Backup', 2, N'', N'/Com/BackupRestore', 1, 0, 2, 0, N'管理员', N'2016-06-14 10:45:51', N'管理员', N'2016-06-14 13:48:59')
INSERT INTO [dbo].[SYS_MODULE] ([ID], [FK_BELONGSYSTEM], [PARENTID], [NAME], [ALIAS], [MODULETYPE], [ICON], [MODULEPATH], [ISSHOW], [SHOWORDER], [LEVELS], [IsVillage], [CREATEUSER], [CREATEDATE], [UPDATEUSER], [UPDATEDATE]) VALUES (1096, N'fddeab19-3588-4fe1-83b6-c15d4abb942d', 1094, N'还原恢复', N'Restore', 2, N'', N'/Com/BackupRestore/Restore', 1, 1, 2, 0, N'管理员', N'2016-06-14 14:25:52', N'管理员', N'2016-06-14 14:25:52')
INSERT INTO [dbo].[SYS_MODULE] ([ID], [FK_BELONGSYSTEM], [PARENTID], [NAME], [ALIAS], [MODULETYPE], [ICON], [MODULEPATH], [ISSHOW], [SHOWORDER], [LEVELS], [IsVillage], [CREATEUSER], [CREATEDATE], [UPDATEUSER], [UPDATEDATE]) VALUES (1097, N'fddeab19-3588-4fe1-83b6-c15d4abb942d', 42, N'系统日志', N'SystemLog', 1, N'fa fa-file-text', N'javascript:void(0)', 1, 5, 1, 0, N'管理员', N'2016-06-15 11:16:44', N'管理员', N'2016-06-15 11:16:44')
INSERT INTO [dbo].[SYS_MODULE] ([ID], [FK_BELONGSYSTEM], [PARENTID], [NAME], [ALIAS], [MODULETYPE], [ICON], [MODULEPATH], [ISSHOW], [SHOWORDER], [LEVELS], [IsVillage], [CREATEUSER], [CREATEDATE], [UPDATEUSER], [UPDATEDATE]) VALUES (1098, N'fddeab19-3588-4fe1-83b6-c15d4abb942d', 1097, N'日志管理', N'Syslog', 2, N'', N'/Sys/SysLog', 1, 0, 2, 0, N'管理员', N'2016-06-15 11:17:24', N'管理员', N'2016-06-15 11:17:24')
INSERT INTO [dbo].[SYS_MODULE] ([ID], [FK_BELONGSYSTEM], [PARENTID], [NAME], [ALIAS], [MODULETYPE], [ICON], [MODULEPATH], [ISSHOW], [SHOWORDER], [LEVELS], [IsVillage], [CREATEUSER], [CREATEDATE], [UPDATEUSER], [UPDATEDATE]) VALUES (1099, N'fddeab19-3588-4fe1-83b6-c15d4abb942d', 43, N'字典管理', N'Code', 2, N'', N'/Sys/Code', 1, 5, 2, 0, N'管理员', N'2016-06-15 11:58:27', N'管理员', N'2016-06-15 12:59:14')
INSERT INTO [dbo].[SYS_MODULE] ([ID], [FK_BELONGSYSTEM], [PARENTID], [NAME], [ALIAS], [MODULETYPE], [ICON], [MODULEPATH], [ISSHOW], [SHOWORDER], [LEVELS], [IsVillage], [CREATEUSER], [CREATEDATE], [UPDATEUSER], [UPDATEDATE]) VALUES (1100, N'fddeab19-3588-4fe1-83b6-c15d4abb942d', 0, N'客户管理中心', N'BCustomerWorkSpace', 1, N'', N'javascript:void(0)', 1, 2, 0, 0, N'管理员', N'2016-06-17 10:27:11', N'管理员', N'2016-06-23 14:53:50')
INSERT INTO [dbo].[SYS_MODULE] ([ID], [FK_BELONGSYSTEM], [PARENTID], [NAME], [ALIAS], [MODULETYPE], [ICON], [MODULEPATH], [ISSHOW], [SHOWORDER], [LEVELS], [IsVillage], [CREATEUSER], [CREATEDATE], [UPDATEUSER], [UPDATEDATE]) VALUES (1101, N'fddeab19-3588-4fe1-83b6-c15d4abb942d', 1100, N'客户管理', N'CustomerSpace', 1, N'fa fa-shopping-bag', N'javascript:void(0)', 1, 0, 1, 0, N'管理员', N'2016-06-17 10:28:01', N'管理员', N'2016-06-17 10:31:39')
INSERT INTO [dbo].[SYS_MODULE] ([ID], [FK_BELONGSYSTEM], [PARENTID], [NAME], [ALIAS], [MODULETYPE], [ICON], [MODULEPATH], [ISSHOW], [SHOWORDER], [LEVELS], [IsVillage], [CREATEUSER], [CREATEDATE], [UPDATEUSER], [UPDATEDATE]) VALUES (1102, N'fddeab19-3588-4fe1-83b6-c15d4abb942d', 1101, N'客户中心', N'BussinessCustomer', 2, N'', N'/Sys/BussinessCustomer', 1, 0, 2, 0, N'管理员', N'2016-06-17 10:29:01', N'管理员', N'2016-06-17 10:29:01')
INSERT INTO [dbo].[SYS_MODULE] ([ID], [FK_BELONGSYSTEM], [PARENTID], [NAME], [ALIAS], [MODULETYPE], [ICON], [MODULEPATH], [ISSHOW], [SHOWORDER], [LEVELS], [IsVillage], [CREATEUSER], [CREATEDATE], [UPDATEUSER], [UPDATEDATE]) VALUES (1103, N'de6bfe62-2816-44a8-b43a-cc09a35b489c', 0, N'项目管理中心', N'ProjectWorkSpace', 1, N'', N'javascript:void(0)', 1, 1, 0, 0, N'管理员', N'2016-06-18 10:49:40', N'管理员', N'2016-06-23 14:53:38')
INSERT INTO [dbo].[SYS_MODULE] ([ID], [FK_BELONGSYSTEM], [PARENTID], [NAME], [ALIAS], [MODULETYPE], [ICON], [MODULEPATH], [ISSHOW], [SHOWORDER], [LEVELS], [IsVillage], [CREATEUSER], [CREATEDATE], [UPDATEUSER], [UPDATEDATE]) VALUES (1104, N'de6bfe62-2816-44a8-b43a-cc09a35b489c', 1103, N'项目管理', N'ProjectManage', 1, N'fa fa-codepen', N'javascript:void(0)', 1, 1, 1, 0, N'管理员', N'2016-06-18 10:50:40', N'管理员', N'2016-06-21 08:53:45')
INSERT INTO [dbo].[SYS_MODULE] ([ID], [FK_BELONGSYSTEM], [PARENTID], [NAME], [ALIAS], [MODULETYPE], [ICON], [MODULEPATH], [ISSHOW], [SHOWORDER], [LEVELS], [IsVillage], [CREATEUSER], [CREATEDATE], [UPDATEUSER], [UPDATEDATE]) VALUES (1105, N'de6bfe62-2816-44a8-b43a-cc09a35b489c', 1104, N'项目管理', N'Project', 2, N'', N'/Pro/Project', 1, 0, 2, 0, N'管理员', N'2016-06-18 10:51:16', N'管理员', N'2016-06-18 10:51:16')
INSERT INTO [dbo].[SYS_MODULE] ([ID], [FK_BELONGSYSTEM], [PARENTID], [NAME], [ALIAS], [MODULETYPE], [ICON], [MODULEPATH], [ISSHOW], [SHOWORDER], [LEVELS], [IsVillage], [CREATEUSER], [CREATEDATE], [UPDATEUSER], [UPDATEDATE]) VALUES (1106, N'de6bfe62-2816-44a8-b43a-cc09a35b489c', 1104, N'文档管理', N'ProjectDoc', 2, N'', N'/Pro/ProjectDocument', 0, 0, 2, 0, N'管理员', N'2016-06-20 11:49:24', N'管理员', N'2016-06-20 11:49:42')
INSERT INTO [dbo].[SYS_MODULE] ([ID], [FK_BELONGSYSTEM], [PARENTID], [NAME], [ALIAS], [MODULETYPE], [ICON], [MODULEPATH], [ISSHOW], [SHOWORDER], [LEVELS], [IsVillage], [CREATEUSER], [CREATEDATE], [UPDATEUSER], [UPDATEDATE]) VALUES (1107, N'de6bfe62-2816-44a8-b43a-cc09a35b489c', 1104, N'阶段任务', N'ProjectStage', 2, N'', N'/Pro/ProjectStage', 0, 0, 2, 0, N'管理员', N'2016-06-20 14:15:48', N'管理员', N'2016-06-20 14:15:48')
INSERT INTO [dbo].[SYS_MODULE] ([ID], [FK_BELONGSYSTEM], [PARENTID], [NAME], [ALIAS], [MODULETYPE], [ICON], [MODULEPATH], [ISSHOW], [SHOWORDER], [LEVELS], [IsVillage], [CREATEUSER], [CREATEDATE], [UPDATEUSER], [UPDATEDATE]) VALUES (1108, N'de6bfe62-2816-44a8-b43a-cc09a35b489c', 1104, N'团队管理', N'ProjectTeams', 2, N'', N'/Pro/ProjectTeams', 0, 0, 2, 0, N'管理员', N'2016-06-20 17:10:46', N'管理员', N'2016-06-20 18:00:23')
INSERT INTO [dbo].[SYS_MODULE] ([ID], [FK_BELONGSYSTEM], [PARENTID], [NAME], [ALIAS], [MODULETYPE], [ICON], [MODULEPATH], [ISSHOW], [SHOWORDER], [LEVELS], [IsVillage], [CREATEUSER], [CREATEDATE], [UPDATEUSER], [UPDATEDATE]) VALUES (1109, N'de6bfe62-2816-44a8-b43a-cc09a35b489c', 1103, N'项目中心', N'ProjectWork', 1, N'fa fa-cube', N'javascript:void(0)', 1, 0, 1, 0, N'管理员', N'2016-06-21 08:53:37', N'管理员', N'2016-06-21 08:53:37')
INSERT INTO [dbo].[SYS_MODULE] ([ID], [FK_BELONGSYSTEM], [PARENTID], [NAME], [ALIAS], [MODULETYPE], [ICON], [MODULEPATH], [ISSHOW], [SHOWORDER], [LEVELS], [IsVillage], [CREATEUSER], [CREATEDATE], [UPDATEUSER], [UPDATEDATE]) VALUES (1110, N'de6bfe62-2816-44a8-b43a-cc09a35b489c', 1109, N'项目中心', N'ProjectHome', 2, N'', N'/Pro/ProjectHome', 1, 1, 2, 0, N'管理员', N'2016-06-21 08:54:11', N'管理员', N'2016-06-22 16:27:35')
INSERT INTO [dbo].[SYS_MODULE] ([ID], [FK_BELONGSYSTEM], [PARENTID], [NAME], [ALIAS], [MODULETYPE], [ICON], [MODULEPATH], [ISSHOW], [SHOWORDER], [LEVELS], [IsVillage], [CREATEUSER], [CREATEDATE], [UPDATEUSER], [UPDATEDATE]) VALUES (1111, N'de6bfe62-2816-44a8-b43a-cc09a35b489c', 1109, N'任务中心', N'ProjectMission', 2, N'', N'/Pro/ProjectMission', 1, 2, 2, 0, N'管理员', N'2016-06-22 08:50:46', N'管理员', N'2016-06-22 16:27:41')
INSERT INTO [dbo].[SYS_MODULE] ([ID], [FK_BELONGSYSTEM], [PARENTID], [NAME], [ALIAS], [MODULETYPE], [ICON], [MODULEPATH], [ISSHOW], [SHOWORDER], [LEVELS], [IsVillage], [CREATEUSER], [CREATEDATE], [UPDATEUSER], [UPDATEDATE]) VALUES (1112, N'de6bfe62-2816-44a8-b43a-cc09a35b489c', 1109, N'排行榜', N'RankingList', 2, N'', N'/Pro/ProjectRankingList', 1, 0, 2, 0, N'管理员', N'2016-06-22 16:28:15', N'管理员', N'2016-06-22 16:38:09')
INSERT INTO [dbo].[SYS_MODULE] ([ID], [FK_BELONGSYSTEM], [PARENTID], [NAME], [ALIAS], [MODULETYPE], [ICON], [MODULEPATH], [ISSHOW], [SHOWORDER], [LEVELS], [IsVillage], [CREATEUSER], [CREATEDATE], [UPDATEUSER], [UPDATEDATE]) VALUES (1113, N'39defc64-dfa3-4cde-b0dc-4559e66bd968', 0, N'邮箱', N'MailWorkSpace', 1, N'', N'javascript:void(0)', 1, 3, 0, 0, N'管理员', N'2016-06-23 14:57:07', N'管理员', N'2016-06-24 18:13:47')
INSERT INTO [dbo].[SYS_MODULE] ([ID], [FK_BELONGSYSTEM], [PARENTID], [NAME], [ALIAS], [MODULETYPE], [ICON], [MODULEPATH], [ISSHOW], [SHOWORDER], [LEVELS], [IsVillage], [CREATEUSER], [CREATEDATE], [UPDATEUSER], [UPDATEDATE]) VALUES (1114, N'39defc64-dfa3-4cde-b0dc-4559e66bd968', 1113, N'邮件管理', N'MailManage', 1, N'fa fa-envelope-o', N'javascript:void(0)', 1, 0, 1, 0, N'管理员', N'2016-06-23 14:58:33', N'管理员', N'2016-06-23 14:58:33')
INSERT INTO [dbo].[SYS_MODULE] ([ID], [FK_BELONGSYSTEM], [PARENTID], [NAME], [ALIAS], [MODULETYPE], [ICON], [MODULEPATH], [ISSHOW], [SHOWORDER], [LEVELS], [IsVillage], [CREATEUSER], [CREATEDATE], [UPDATEUSER], [UPDATEDATE]) VALUES (1115, N'39defc64-dfa3-4cde-b0dc-4559e66bd968', 1114, N'我的邮箱', N'Mail', 2, N'', N'/Mail/Mail', 1, 0, 2, 0, N'管理员', N'2016-06-23 14:59:03', N'管理员', N'2016-06-23 14:59:03')
INSERT INTO [dbo].[SYS_MODULE] ([ID], [FK_BELONGSYSTEM], [PARENTID], [NAME], [ALIAS], [MODULETYPE], [ICON], [MODULEPATH], [ISSHOW], [SHOWORDER], [LEVELS], [IsVillage], [CREATEUSER], [CREATEDATE], [UPDATEUSER], [UPDATEDATE]) VALUES (1116, N'de6bfe62-2816-44a8-b43a-cc09a35b489c', 1109, N'联系人', N'UserList', 2, N'', N'/Sys/User/Contacts', 1, 3, 2, 0, N'管理员', N'2016-06-24 18:28:39', N'管理员', N'2016-06-24 18:28:39')
INSERT INTO [dbo].[SYS_MODULE] ([ID], [FK_BELONGSYSTEM], [PARENTID], [NAME], [ALIAS], [MODULETYPE], [ICON], [MODULEPATH], [ISSHOW], [SHOWORDER], [LEVELS], [IsVillage], [CREATEUSER], [CREATEDATE], [UPDATEUSER], [UPDATEDATE]) VALUES (1117, N'39defc64-dfa3-4cde-b0dc-4559e66bd968', 1114, N'联系人', N'UserList', 2, N'', N'/Sys/User/Contacts', 1, 1, 2, 0, N'管理员', N'2016-06-24 18:30:33', N'管理员', N'2016-06-24 18:30:33')
INSERT INTO [dbo].[SYS_MODULE] ([ID], [FK_BELONGSYSTEM], [PARENTID], [NAME], [ALIAS], [MODULETYPE], [ICON], [MODULEPATH], [ISSHOW], [SHOWORDER], [LEVELS], [IsVillage], [CREATEUSER], [CREATEDATE], [UPDATEUSER], [UPDATEDATE]) VALUES (2111, N'de6bfe62-2816-44a8-b43a-cc09a35b489c', 1109, N'工作日报', N'Daily', 2, N'', N'/Pro/Daily', 1, 0, 2, 0, N'管理员', N'2016-06-27 08:47:44', N'管理员', N'2016-06-27 08:47:44')
INSERT INTO [dbo].[SYS_MODULE] ([ID], [FK_BELONGSYSTEM], [PARENTID], [NAME], [ALIAS], [MODULETYPE], [ICON], [MODULEPATH], [ISSHOW], [SHOWORDER], [LEVELS], [IsVillage], [CREATEUSER], [CREATEDATE], [UPDATEUSER], [UPDATEDATE]) VALUES (2112, N'fddeab19-3588-4fe1-83b6-c15d4abb942d', 0, N'测试模块', N'testmodule', 1, NULL, N'javascript:void(0)', 1, 9, 0, 0, N'管理员', N'2016-08-20 00:24:46', N'管理员', N'2016-08-20 00:25:28')
INSERT INTO [dbo].[SYS_MODULE] ([ID], [FK_BELONGSYSTEM], [PARENTID], [NAME], [ALIAS], [MODULETYPE], [ICON], [MODULEPATH], [ISSHOW], [SHOWORDER], [LEVELS], [IsVillage], [CREATEUSER], [CREATEDATE], [UPDATEUSER], [UPDATEDATE]) VALUES (2115, N'fddeab19-3588-4fe1-83b6-c15d4abb942d', 2112, N'1123412', N'baidu', 1, NULL, N'javascript:void(0)', 1, 0, 1, 0, N'管理员', N'2016-08-20 13:34:49', N'管理员', N'2016-08-20 13:34:49')
SET IDENTITY_INSERT [dbo].[SYS_MODULE] OFF

SET IDENTITY_INSERT [dbo].[SYS_PERMISSION] ON
INSERT INTO [dbo].[SYS_PERMISSION] ([ID], [MODULEID], [NAME], [PERVALUE], [ICON], [SHOWORDER], [CREATEDATE], [CREATEUSER], [UPDATEDATE], [UPDATEUSER]) VALUES (151, 44, N'查看', N'View', NULL, 0, N'2015-12-21 00:00:00', N'管理员', N'2015-12-21 00:00:00', N'管理员')
INSERT INTO [dbo].[SYS_PERMISSION] ([ID], [MODULEID], [NAME], [PERVALUE], [ICON], [SHOWORDER], [CREATEDATE], [CREATEUSER], [UPDATEDATE], [UPDATEUSER]) VALUES (152, 44, N'详情', N'Detail', NULL, 0, N'2015-12-21 00:00:00', N'管理员', N'2015-12-21 00:00:00', N'管理员')
INSERT INTO [dbo].[SYS_PERMISSION] ([ID], [MODULEID], [NAME], [PERVALUE], [ICON], [SHOWORDER], [CREATEDATE], [CREATEUSER], [UPDATEDATE], [UPDATEUSER]) VALUES (153, 44, N'添加', N'Add', NULL, 0, N'2015-12-21 00:00:00', N'管理员', N'2015-12-21 00:00:00', N'管理员')
INSERT INTO [dbo].[SYS_PERMISSION] ([ID], [MODULEID], [NAME], [PERVALUE], [ICON], [SHOWORDER], [CREATEDATE], [CREATEUSER], [UPDATEDATE], [UPDATEUSER]) VALUES (154, 44, N'修改', N'Edit', NULL, 0, N'2015-12-21 00:00:00', N'管理员', N'2015-12-21 00:00:00', N'管理员')
INSERT INTO [dbo].[SYS_PERMISSION] ([ID], [MODULEID], [NAME], [PERVALUE], [ICON], [SHOWORDER], [CREATEDATE], [CREATEUSER], [UPDATEDATE], [UPDATEUSER]) VALUES (156, 45, N'查看', N'View', NULL, 0, N'2015-12-21 00:00:00', N'管理员', N'2015-12-21 00:00:00', N'管理员')
INSERT INTO [dbo].[SYS_PERMISSION] ([ID], [MODULEID], [NAME], [PERVALUE], [ICON], [SHOWORDER], [CREATEDATE], [CREATEUSER], [UPDATEDATE], [UPDATEUSER]) VALUES (157, 45, N'详情', N'Detail', NULL, 0, N'2015-12-21 00:00:00', N'管理员', N'2015-12-21 00:00:00', N'管理员')
INSERT INTO [dbo].[SYS_PERMISSION] ([ID], [MODULEID], [NAME], [PERVALUE], [ICON], [SHOWORDER], [CREATEDATE], [CREATEUSER], [UPDATEDATE], [UPDATEUSER]) VALUES (158, 45, N'添加', N'Add', NULL, 0, N'2015-12-21 00:00:00', N'管理员', N'2015-12-21 00:00:00', N'管理员')
INSERT INTO [dbo].[SYS_PERMISSION] ([ID], [MODULEID], [NAME], [PERVALUE], [ICON], [SHOWORDER], [CREATEDATE], [CREATEUSER], [UPDATEDATE], [UPDATEUSER]) VALUES (159, 45, N'修改', N'Edit', NULL, 0, N'2015-12-21 00:00:00', N'管理员', N'2015-12-21 00:00:00', N'管理员')
INSERT INTO [dbo].[SYS_PERMISSION] ([ID], [MODULEID], [NAME], [PERVALUE], [ICON], [SHOWORDER], [CREATEDATE], [CREATEUSER], [UPDATEDATE], [UPDATEUSER]) VALUES (160, 45, N'删除', N'Remove', NULL, 0, N'2015-12-21 00:00:00', N'管理员', N'2015-12-21 00:00:00', N'管理员')
INSERT INTO [dbo].[SYS_PERMISSION] ([ID], [MODULEID], [NAME], [PERVALUE], [ICON], [SHOWORDER], [CREATEDATE], [CREATEUSER], [UPDATEDATE], [UPDATEUSER]) VALUES (161, 44, N'删除', N'Remove', N'', 0, N'2015-12-21 00:00:00', N'管理员', N'2016-08-14 14:19:38', N'管理员')
INSERT INTO [dbo].[SYS_PERMISSION] ([ID], [MODULEID], [NAME], [PERVALUE], [ICON], [SHOWORDER], [CREATEDATE], [CREATEUSER], [UPDATEDATE], [UPDATEUSER]) VALUES (162, 44, N'添加子模块', N'addchild', NULL, 0, N'2015-12-21 00:00:00', N'管理员', N'2015-12-21 00:00:00', N'管理员')
INSERT INTO [dbo].[SYS_PERMISSION] ([ID], [MODULEID], [NAME], [PERVALUE], [ICON], [SHOWORDER], [CREATEDATE], [CREATEUSER], [UPDATEDATE], [UPDATEUSER]) VALUES (164, 45, N'初始化权限', N'Reset', NULL, 0, N'2016-06-01 00:00:00', N'管理员', N'2016-06-01 00:00:00', N'管理员')
INSERT INTO [dbo].[SYS_PERMISSION] ([ID], [MODULEID], [NAME], [PERVALUE], [ICON], [SHOWORDER], [CREATEDATE], [CREATEUSER], [UPDATEDATE], [UPDATEUSER]) VALUES (165, 87, N'查看', N'View', NULL, 0, N'2016-06-02 00:00:00', N'管理员', N'2016-06-02 00:00:00', N'管理员')
INSERT INTO [dbo].[SYS_PERMISSION] ([ID], [MODULEID], [NAME], [PERVALUE], [ICON], [SHOWORDER], [CREATEDATE], [CREATEUSER], [UPDATEDATE], [UPDATEUSER]) VALUES (166, 87, N'列表', N'List', NULL, 0, N'2016-06-02 00:00:00', N'管理员', N'2016-06-02 00:00:00', N'管理员')
INSERT INTO [dbo].[SYS_PERMISSION] ([ID], [MODULEID], [NAME], [PERVALUE], [ICON], [SHOWORDER], [CREATEDATE], [CREATEUSER], [UPDATEDATE], [UPDATEUSER]) VALUES (167, 87, N'详情', N'Detail', NULL, 0, N'2016-06-02 00:00:00', N'管理员', N'2016-06-02 00:00:00', N'管理员')
INSERT INTO [dbo].[SYS_PERMISSION] ([ID], [MODULEID], [NAME], [PERVALUE], [ICON], [SHOWORDER], [CREATEDATE], [CREATEUSER], [UPDATEDATE], [UPDATEUSER]) VALUES (168, 87, N'添加', N'Add', NULL, 0, N'2016-06-02 00:00:00', N'管理员', N'2016-06-02 00:00:00', N'管理员')
INSERT INTO [dbo].[SYS_PERMISSION] ([ID], [MODULEID], [NAME], [PERVALUE], [ICON], [SHOWORDER], [CREATEDATE], [CREATEUSER], [UPDATEDATE], [UPDATEUSER]) VALUES (169, 87, N'修改', N'Edit', NULL, 0, N'2016-06-02 00:00:00', N'管理员', N'2016-06-02 00:00:00', N'管理员')
INSERT INTO [dbo].[SYS_PERMISSION] ([ID], [MODULEID], [NAME], [PERVALUE], [ICON], [SHOWORDER], [CREATEDATE], [CREATEUSER], [UPDATEDATE], [UPDATEUSER]) VALUES (170, 87, N'删除', N'Remove', NULL, 0, N'2016-06-02 00:00:00', N'管理员', N'2016-06-02 00:00:00', N'管理员')
INSERT INTO [dbo].[SYS_PERMISSION] ([ID], [MODULEID], [NAME], [PERVALUE], [ICON], [SHOWORDER], [CREATEDATE], [CREATEUSER], [UPDATEDATE], [UPDATEUSER]) VALUES (171, 88, N'查看', N'View', NULL, 0, N'2016-06-04 00:00:00', N'管理员', N'2016-06-04 00:00:00', N'管理员')
INSERT INTO [dbo].[SYS_PERMISSION] ([ID], [MODULEID], [NAME], [PERVALUE], [ICON], [SHOWORDER], [CREATEDATE], [CREATEUSER], [UPDATEDATE], [UPDATEUSER]) VALUES (172, 88, N'列表', N'List', NULL, 0, N'2016-06-04 00:00:00', N'管理员', N'2016-06-04 00:00:00', N'管理员')
INSERT INTO [dbo].[SYS_PERMISSION] ([ID], [MODULEID], [NAME], [PERVALUE], [ICON], [SHOWORDER], [CREATEDATE], [CREATEUSER], [UPDATEDATE], [UPDATEUSER]) VALUES (173, 88, N'详情', N'Detail', NULL, 0, N'2016-06-04 00:00:00', N'管理员', N'2016-06-04 00:00:00', N'管理员')
INSERT INTO [dbo].[SYS_PERMISSION] ([ID], [MODULEID], [NAME], [PERVALUE], [ICON], [SHOWORDER], [CREATEDATE], [CREATEUSER], [UPDATEDATE], [UPDATEUSER]) VALUES (174, 88, N'添加', N'Add', NULL, 0, N'2016-06-04 00:00:00', N'管理员', N'2016-06-04 00:00:00', N'管理员')
INSERT INTO [dbo].[SYS_PERMISSION] ([ID], [MODULEID], [NAME], [PERVALUE], [ICON], [SHOWORDER], [CREATEDATE], [CREATEUSER], [UPDATEDATE], [UPDATEUSER]) VALUES (175, 88, N'修改', N'Edit', NULL, 0, N'2016-06-04 00:00:00', N'管理员', N'2016-06-04 00:00:00', N'管理员')
INSERT INTO [dbo].[SYS_PERMISSION] ([ID], [MODULEID], [NAME], [PERVALUE], [ICON], [SHOWORDER], [CREATEDATE], [CREATEUSER], [UPDATEDATE], [UPDATEUSER]) VALUES (176, 88, N'删除', N'Remove', NULL, 0, N'2016-06-04 00:00:00', N'管理员', N'2016-06-04 00:00:00', N'管理员')
INSERT INTO [dbo].[SYS_PERMISSION] ([ID], [MODULEID], [NAME], [PERVALUE], [ICON], [SHOWORDER], [CREATEDATE], [CREATEUSER], [UPDATEDATE], [UPDATEUSER]) VALUES (179, 88, N'分配权限', N'Allocation', N'', 0, N'2016-06-04 00:00:00', N'管理员', N'2016-06-04 00:00:00', N'管理员')
INSERT INTO [dbo].[SYS_PERMISSION] ([ID], [MODULEID], [NAME], [PERVALUE], [ICON], [SHOWORDER], [CREATEDATE], [CREATEUSER], [UPDATEDATE], [UPDATEUSER]) VALUES (1179, 90, N'查看', N'View', NULL, 0, N'2016-06-04 00:00:00', N'管理员', N'2016-06-04 00:00:00', N'管理员')
INSERT INTO [dbo].[SYS_PERMISSION] ([ID], [MODULEID], [NAME], [PERVALUE], [ICON], [SHOWORDER], [CREATEDATE], [CREATEUSER], [UPDATEDATE], [UPDATEUSER]) VALUES (1180, 90, N'列表', N'List', NULL, 0, N'2016-06-04 00:00:00', N'管理员', N'2016-06-04 00:00:00', N'管理员')
INSERT INTO [dbo].[SYS_PERMISSION] ([ID], [MODULEID], [NAME], [PERVALUE], [ICON], [SHOWORDER], [CREATEDATE], [CREATEUSER], [UPDATEDATE], [UPDATEUSER]) VALUES (1181, 90, N'详情', N'Detail', NULL, 0, N'2016-06-04 00:00:00', N'管理员', N'2016-06-04 00:00:00', N'管理员')
INSERT INTO [dbo].[SYS_PERMISSION] ([ID], [MODULEID], [NAME], [PERVALUE], [ICON], [SHOWORDER], [CREATEDATE], [CREATEUSER], [UPDATEDATE], [UPDATEUSER]) VALUES (1182, 90, N'添加', N'Add', NULL, 0, N'2016-06-04 00:00:00', N'管理员', N'2016-06-04 00:00:00', N'管理员')
INSERT INTO [dbo].[SYS_PERMISSION] ([ID], [MODULEID], [NAME], [PERVALUE], [ICON], [SHOWORDER], [CREATEDATE], [CREATEUSER], [UPDATEDATE], [UPDATEUSER]) VALUES (1183, 90, N'修改', N'Edit', NULL, 0, N'2016-06-04 00:00:00', N'管理员', N'2016-06-04 00:00:00', N'管理员')
INSERT INTO [dbo].[SYS_PERMISSION] ([ID], [MODULEID], [NAME], [PERVALUE], [ICON], [SHOWORDER], [CREATEDATE], [CREATEUSER], [UPDATEDATE], [UPDATEUSER]) VALUES (1184, 90, N'删除', N'Remove', NULL, 0, N'2016-06-04 00:00:00', N'管理员', N'2016-06-04 00:00:00', N'管理员')
INSERT INTO [dbo].[SYS_PERMISSION] ([ID], [MODULEID], [NAME], [PERVALUE], [ICON], [SHOWORDER], [CREATEDATE], [CREATEUSER], [UPDATEDATE], [UPDATEUSER]) VALUES (1185, 91, N'查看', N'View', NULL, 0, N'2016-06-04 00:00:00', N'管理员', N'2016-06-04 00:00:00', N'管理员')
INSERT INTO [dbo].[SYS_PERMISSION] ([ID], [MODULEID], [NAME], [PERVALUE], [ICON], [SHOWORDER], [CREATEDATE], [CREATEUSER], [UPDATEDATE], [UPDATEUSER]) VALUES (1186, 91, N'列表', N'List', NULL, 0, N'2016-06-04 00:00:00', N'管理员', N'2016-06-04 00:00:00', N'管理员')
INSERT INTO [dbo].[SYS_PERMISSION] ([ID], [MODULEID], [NAME], [PERVALUE], [ICON], [SHOWORDER], [CREATEDATE], [CREATEUSER], [UPDATEDATE], [UPDATEUSER]) VALUES (1187, 91, N'详情', N'Detail', NULL, 0, N'2016-06-04 00:00:00', N'管理员', N'2016-06-04 00:00:00', N'管理员')
INSERT INTO [dbo].[SYS_PERMISSION] ([ID], [MODULEID], [NAME], [PERVALUE], [ICON], [SHOWORDER], [CREATEDATE], [CREATEUSER], [UPDATEDATE], [UPDATEUSER]) VALUES (1188, 91, N'添加', N'Add', NULL, 0, N'2016-06-04 00:00:00', N'管理员', N'2016-06-04 00:00:00', N'管理员')
INSERT INTO [dbo].[SYS_PERMISSION] ([ID], [MODULEID], [NAME], [PERVALUE], [ICON], [SHOWORDER], [CREATEDATE], [CREATEUSER], [UPDATEDATE], [UPDATEUSER]) VALUES (1189, 91, N'修改', N'Edit', NULL, 0, N'2016-06-04 00:00:00', N'管理员', N'2016-06-04 00:00:00', N'管理员')
INSERT INTO [dbo].[SYS_PERMISSION] ([ID], [MODULEID], [NAME], [PERVALUE], [ICON], [SHOWORDER], [CREATEDATE], [CREATEUSER], [UPDATEDATE], [UPDATEUSER]) VALUES (1190, 91, N'删除', N'Remove', NULL, 0, N'2016-06-04 00:00:00', N'管理员', N'2016-06-04 00:00:00', N'管理员')
INSERT INTO [dbo].[SYS_PERMISSION] ([ID], [MODULEID], [NAME], [PERVALUE], [ICON], [SHOWORDER], [CREATEDATE], [CREATEUSER], [UPDATEDATE], [UPDATEUSER]) VALUES (1191, 92, N'查看', N'View', NULL, 0, N'2016-06-04 00:00:00', N'管理员', N'2016-06-04 00:00:00', N'管理员')
INSERT INTO [dbo].[SYS_PERMISSION] ([ID], [MODULEID], [NAME], [PERVALUE], [ICON], [SHOWORDER], [CREATEDATE], [CREATEUSER], [UPDATEDATE], [UPDATEUSER]) VALUES (1192, 92, N'联系人', N'List', N'', 0, N'2016-06-04 00:00:00', N'管理员', N'2016-06-24 00:00:00', N'管理员')
INSERT INTO [dbo].[SYS_PERMISSION] ([ID], [MODULEID], [NAME], [PERVALUE], [ICON], [SHOWORDER], [CREATEDATE], [CREATEUSER], [UPDATEDATE], [UPDATEUSER]) VALUES (1193, 92, N'详情', N'Detail', NULL, 0, N'2016-06-04 00:00:00', N'管理员', N'2016-06-04 00:00:00', N'管理员')
INSERT INTO [dbo].[SYS_PERMISSION] ([ID], [MODULEID], [NAME], [PERVALUE], [ICON], [SHOWORDER], [CREATEDATE], [CREATEUSER], [UPDATEDATE], [UPDATEUSER]) VALUES (1194, 92, N'添加', N'Add', NULL, 0, N'2016-06-04 00:00:00', N'管理员', N'2016-06-04 00:00:00', N'管理员')
INSERT INTO [dbo].[SYS_PERMISSION] ([ID], [MODULEID], [NAME], [PERVALUE], [ICON], [SHOWORDER], [CREATEDATE], [CREATEUSER], [UPDATEDATE], [UPDATEUSER]) VALUES (1195, 92, N'修改', N'Edit', NULL, 0, N'2016-06-04 00:00:00', N'管理员', N'2016-06-04 00:00:00', N'管理员')
INSERT INTO [dbo].[SYS_PERMISSION] ([ID], [MODULEID], [NAME], [PERVALUE], [ICON], [SHOWORDER], [CREATEDATE], [CREATEUSER], [UPDATEDATE], [UPDATEUSER]) VALUES (1196, 92, N'删除', N'Remove', NULL, 0, N'2016-06-04 00:00:00', N'管理员', N'2016-06-04 00:00:00', N'管理员')
INSERT INTO [dbo].[SYS_PERMISSION] ([ID], [MODULEID], [NAME], [PERVALUE], [ICON], [SHOWORDER], [CREATEDATE], [CREATEUSER], [UPDATEDATE], [UPDATEUSER]) VALUES (1198, 90, N'添加下级部门', N'addchild', N'', 0, N'2016-06-06 00:00:00', N'管理员', N'2016-06-06 00:00:00', N'管理员')
INSERT INTO [dbo].[SYS_PERMISSION] ([ID], [MODULEID], [NAME], [PERVALUE], [ICON], [SHOWORDER], [CREATEDATE], [CREATEUSER], [UPDATEDATE], [UPDATEUSER]) VALUES (1199, 92, N'分配权限', N'Allocation', N'', 0, N'2016-06-07 00:00:00', N'管理员', N'2016-06-07 00:00:00', N'管理员')
INSERT INTO [dbo].[SYS_PERMISSION] ([ID], [MODULEID], [NAME], [PERVALUE], [ICON], [SHOWORDER], [CREATEDATE], [CREATEUSER], [UPDATEDATE], [UPDATEUSER]) VALUES (1200, 92, N'分配角色', N'AllocationRole', N'', 0, N'2016-06-07 00:00:00', N'管理员', N'2016-06-07 00:00:00', N'管理员')
INSERT INTO [dbo].[SYS_PERMISSION] ([ID], [MODULEID], [NAME], [PERVALUE], [ICON], [SHOWORDER], [CREATEDATE], [CREATEUSER], [UPDATEDATE], [UPDATEUSER]) VALUES (1201, 92, N'初始密码', N'PwdReset', N'', 0, N'2016-06-07 00:00:00', N'管理员', N'2016-06-07 00:00:00', N'管理员')
INSERT INTO [dbo].[SYS_PERMISSION] ([ID], [MODULEID], [NAME], [PERVALUE], [ICON], [SHOWORDER], [CREATEDATE], [CREATEUSER], [UPDATEDATE], [UPDATEUSER]) VALUES (1202, 92, N'人员档案', N'UserInfo', N'', 0, N'2016-06-07 00:00:00', N'管理员', N'2016-06-07 00:00:00', N'管理员')
INSERT INTO [dbo].[SYS_PERMISSION] ([ID], [MODULEID], [NAME], [PERVALUE], [ICON], [SHOWORDER], [CREATEDATE], [CREATEUSER], [UPDATEDATE], [UPDATEUSER]) VALUES (1203, 94, N'查看', N'View', NULL, 0, N'2016-06-12 00:00:00', N'管理员', N'2016-06-12 00:00:00', N'管理员')
INSERT INTO [dbo].[SYS_PERMISSION] ([ID], [MODULEID], [NAME], [PERVALUE], [ICON], [SHOWORDER], [CREATEDATE], [CREATEUSER], [UPDATEDATE], [UPDATEUSER]) VALUES (1204, 94, N'列表', N'List', NULL, 0, N'2016-06-12 00:00:00', N'管理员', N'2016-06-12 00:00:00', N'管理员')
INSERT INTO [dbo].[SYS_PERMISSION] ([ID], [MODULEID], [NAME], [PERVALUE], [ICON], [SHOWORDER], [CREATEDATE], [CREATEUSER], [UPDATEDATE], [UPDATEUSER]) VALUES (1205, 94, N'详情', N'Detail', NULL, 0, N'2016-06-12 00:00:00', N'管理员', N'2016-06-12 00:00:00', N'管理员')
INSERT INTO [dbo].[SYS_PERMISSION] ([ID], [MODULEID], [NAME], [PERVALUE], [ICON], [SHOWORDER], [CREATEDATE], [CREATEUSER], [UPDATEDATE], [UPDATEUSER]) VALUES (1206, 94, N'添加', N'Add', NULL, 0, N'2016-06-12 00:00:00', N'管理员', N'2016-06-12 00:00:00', N'管理员')
INSERT INTO [dbo].[SYS_PERMISSION] ([ID], [MODULEID], [NAME], [PERVALUE], [ICON], [SHOWORDER], [CREATEDATE], [CREATEUSER], [UPDATEDATE], [UPDATEUSER]) VALUES (1207, 94, N'修改', N'Edit', NULL, 0, N'2016-06-12 00:00:00', N'管理员', N'2016-06-12 00:00:00', N'管理员')
INSERT INTO [dbo].[SYS_PERMISSION] ([ID], [MODULEID], [NAME], [PERVALUE], [ICON], [SHOWORDER], [CREATEDATE], [CREATEUSER], [UPDATEDATE], [UPDATEUSER]) VALUES (1208, 94, N'删除', N'Remove', NULL, 0, N'2016-06-12 00:00:00', N'管理员', N'2016-06-12 00:00:00', N'管理员')
INSERT INTO [dbo].[SYS_PERMISSION] ([ID], [MODULEID], [NAME], [PERVALUE], [ICON], [SHOWORDER], [CREATEDATE], [CREATEUSER], [UPDATEDATE], [UPDATEUSER]) VALUES (2203, 94, N'复制', N'Copy', N'', 0, N'2016-06-13 00:00:00', N'管理员', N'2016-06-13 00:00:00', N'管理员')
INSERT INTO [dbo].[SYS_PERMISSION] ([ID], [MODULEID], [NAME], [PERVALUE], [ICON], [SHOWORDER], [CREATEDATE], [CREATEUSER], [UPDATEDATE], [UPDATEUSER]) VALUES (2204, 94, N'剪贴', N'Cut', N'', 0, N'2016-06-13 00:00:00', N'管理员', N'2016-06-13 00:00:00', N'管理员')
INSERT INTO [dbo].[SYS_PERMISSION] ([ID], [MODULEID], [NAME], [PERVALUE], [ICON], [SHOWORDER], [CREATEDATE], [CREATEUSER], [UPDATEDATE], [UPDATEUSER]) VALUES (2205, 94, N'压缩', N'Compress', N'', 0, N'2016-06-13 00:00:00', N'管理员', N'2016-06-13 00:00:00', N'管理员')
INSERT INTO [dbo].[SYS_PERMISSION] ([ID], [MODULEID], [NAME], [PERVALUE], [ICON], [SHOWORDER], [CREATEDATE], [CREATEUSER], [UPDATEDATE], [UPDATEUSER]) VALUES (2206, 94, N'解压', N'Expand', N'', 0, N'2016-06-13 00:00:00', N'管理员', N'2016-06-13 00:00:00', N'管理员')
INSERT INTO [dbo].[SYS_PERMISSION] ([ID], [MODULEID], [NAME], [PERVALUE], [ICON], [SHOWORDER], [CREATEDATE], [CREATEUSER], [UPDATEDATE], [UPDATEUSER]) VALUES (2207, 1093, N'查看', N'View', NULL, 0, N'2016-06-14 00:00:00', N'管理员', N'2016-06-14 00:00:00', N'管理员')
INSERT INTO [dbo].[SYS_PERMISSION] ([ID], [MODULEID], [NAME], [PERVALUE], [ICON], [SHOWORDER], [CREATEDATE], [CREATEUSER], [UPDATEDATE], [UPDATEUSER]) VALUES (2209, 1093, N'详情', N'Detail', NULL, 0, N'2016-06-14 00:00:00', N'管理员', N'2016-06-14 00:00:00', N'管理员')
INSERT INTO [dbo].[SYS_PERMISSION] ([ID], [MODULEID], [NAME], [PERVALUE], [ICON], [SHOWORDER], [CREATEDATE], [CREATEUSER], [UPDATEDATE], [UPDATEUSER]) VALUES (2213, 1095, N'查看', N'View', NULL, 0, N'2016-06-14 00:00:00', N'管理员', N'2016-06-14 00:00:00', N'管理员')
INSERT INTO [dbo].[SYS_PERMISSION] ([ID], [MODULEID], [NAME], [PERVALUE], [ICON], [SHOWORDER], [CREATEDATE], [CREATEUSER], [UPDATEDATE], [UPDATEUSER]) VALUES (2219, 1095, N'备份程序', N'BackUpApplication', N'', 0, N'2016-06-14 00:00:00', N'管理员', N'2016-06-14 00:00:00', N'管理员')
INSERT INTO [dbo].[SYS_PERMISSION] ([ID], [MODULEID], [NAME], [PERVALUE], [ICON], [SHOWORDER], [CREATEDATE], [CREATEUSER], [UPDATEDATE], [UPDATEUSER]) VALUES (2220, 1095, N'数据库备份', N'BackUpDataBase', N'', 0, N'2016-06-14 00:00:00', N'管理员', N'2016-06-14 00:00:00', N'管理员')
INSERT INTO [dbo].[SYS_PERMISSION] ([ID], [MODULEID], [NAME], [PERVALUE], [ICON], [SHOWORDER], [CREATEDATE], [CREATEUSER], [UPDATEDATE], [UPDATEUSER]) VALUES (2221, 1095, N'删除', N'Remove', N'', 0, N'2016-06-14 00:00:00', N'管理员', N'2016-06-14 00:00:00', N'管理员')
INSERT INTO [dbo].[SYS_PERMISSION] ([ID], [MODULEID], [NAME], [PERVALUE], [ICON], [SHOWORDER], [CREATEDATE], [CREATEUSER], [UPDATEDATE], [UPDATEUSER]) VALUES (2222, 1096, N'查看', N'View', NULL, 0, N'2016-06-14 00:00:00', N'管理员', N'2016-06-14 00:00:00', N'管理员')
INSERT INTO [dbo].[SYS_PERMISSION] ([ID], [MODULEID], [NAME], [PERVALUE], [ICON], [SHOWORDER], [CREATEDATE], [CREATEUSER], [UPDATEDATE], [UPDATEUSER]) VALUES (2228, 1096, N'还原数据', N'RestoreData', N'', 0, N'2016-06-14 00:00:00', N'管理员', N'2016-06-14 00:00:00', N'管理员')
INSERT INTO [dbo].[SYS_PERMISSION] ([ID], [MODULEID], [NAME], [PERVALUE], [ICON], [SHOWORDER], [CREATEDATE], [CREATEUSER], [UPDATEDATE], [UPDATEUSER]) VALUES (2229, 1096, N'上传备份', N'UploadBak', N'', 0, N'2016-06-14 00:00:00', N'管理员', N'2016-06-14 00:00:00', N'管理员')
INSERT INTO [dbo].[SYS_PERMISSION] ([ID], [MODULEID], [NAME], [PERVALUE], [ICON], [SHOWORDER], [CREATEDATE], [CREATEUSER], [UPDATEDATE], [UPDATEUSER]) VALUES (2230, 1098, N'查看', N'View', NULL, 0, N'2016-06-15 00:00:00', N'管理员', N'2016-06-15 00:00:00', N'管理员')
INSERT INTO [dbo].[SYS_PERMISSION] ([ID], [MODULEID], [NAME], [PERVALUE], [ICON], [SHOWORDER], [CREATEDATE], [CREATEUSER], [UPDATEDATE], [UPDATEUSER]) VALUES (2232, 1098, N'详情', N'Detail', NULL, 0, N'2016-06-15 00:00:00', N'管理员', N'2016-06-15 00:00:00', N'管理员')
INSERT INTO [dbo].[SYS_PERMISSION] ([ID], [MODULEID], [NAME], [PERVALUE], [ICON], [SHOWORDER], [CREATEDATE], [CREATEUSER], [UPDATEDATE], [UPDATEUSER]) VALUES (2235, 1098, N'删除', N'Remove', NULL, 0, N'2016-06-15 00:00:00', N'管理员', N'2016-06-15 00:00:00', N'管理员')
INSERT INTO [dbo].[SYS_PERMISSION] ([ID], [MODULEID], [NAME], [PERVALUE], [ICON], [SHOWORDER], [CREATEDATE], [CREATEUSER], [UPDATEDATE], [UPDATEUSER]) VALUES (2236, 1099, N'查看', N'View', NULL, 0, N'2016-06-15 00:00:00', N'管理员', N'2016-06-15 00:00:00', N'管理员')
INSERT INTO [dbo].[SYS_PERMISSION] ([ID], [MODULEID], [NAME], [PERVALUE], [ICON], [SHOWORDER], [CREATEDATE], [CREATEUSER], [UPDATEDATE], [UPDATEUSER]) VALUES (2237, 1099, N'列表', N'List', NULL, 0, N'2016-06-15 00:00:00', N'管理员', N'2016-06-15 00:00:00', N'管理员')
INSERT INTO [dbo].[SYS_PERMISSION] ([ID], [MODULEID], [NAME], [PERVALUE], [ICON], [SHOWORDER], [CREATEDATE], [CREATEUSER], [UPDATEDATE], [UPDATEUSER]) VALUES (2238, 1099, N'详情', N'Detail', NULL, 0, N'2016-06-15 00:00:00', N'管理员', N'2016-06-15 00:00:00', N'管理员')
INSERT INTO [dbo].[SYS_PERMISSION] ([ID], [MODULEID], [NAME], [PERVALUE], [ICON], [SHOWORDER], [CREATEDATE], [CREATEUSER], [UPDATEDATE], [UPDATEUSER]) VALUES (2239, 1099, N'添加', N'Add', NULL, 0, N'2016-06-15 00:00:00', N'管理员', N'2016-06-15 00:00:00', N'管理员')
INSERT INTO [dbo].[SYS_PERMISSION] ([ID], [MODULEID], [NAME], [PERVALUE], [ICON], [SHOWORDER], [CREATEDATE], [CREATEUSER], [UPDATEDATE], [UPDATEUSER]) VALUES (2240, 1099, N'修改', N'Edit', NULL, 0, N'2016-06-15 00:00:00', N'管理员', N'2016-06-15 00:00:00', N'管理员')
INSERT INTO [dbo].[SYS_PERMISSION] ([ID], [MODULEID], [NAME], [PERVALUE], [ICON], [SHOWORDER], [CREATEDATE], [CREATEUSER], [UPDATEDATE], [UPDATEUSER]) VALUES (2241, 1099, N'删除', N'Remove', NULL, 0, N'2016-06-15 00:00:00', N'管理员', N'2016-06-15 00:00:00', N'管理员')
INSERT INTO [dbo].[SYS_PERMISSION] ([ID], [MODULEID], [NAME], [PERVALUE], [ICON], [SHOWORDER], [CREATEDATE], [CREATEUSER], [UPDATEDATE], [UPDATEUSER]) VALUES (2242, 1102, N'查看', N'View', NULL, 0, N'2016-06-17 00:00:00', N'管理员', N'2016-06-17 00:00:00', N'管理员')
INSERT INTO [dbo].[SYS_PERMISSION] ([ID], [MODULEID], [NAME], [PERVALUE], [ICON], [SHOWORDER], [CREATEDATE], [CREATEUSER], [UPDATEDATE], [UPDATEUSER]) VALUES (2243, 1102, N'列表', N'List', NULL, 0, N'2016-06-17 00:00:00', N'管理员', N'2016-06-17 00:00:00', N'管理员')
INSERT INTO [dbo].[SYS_PERMISSION] ([ID], [MODULEID], [NAME], [PERVALUE], [ICON], [SHOWORDER], [CREATEDATE], [CREATEUSER], [UPDATEDATE], [UPDATEUSER]) VALUES (2244, 1102, N'详情', N'Detail', NULL, 0, N'2016-06-17 00:00:00', N'管理员', N'2016-06-17 00:00:00', N'管理员')
INSERT INTO [dbo].[SYS_PERMISSION] ([ID], [MODULEID], [NAME], [PERVALUE], [ICON], [SHOWORDER], [CREATEDATE], [CREATEUSER], [UPDATEDATE], [UPDATEUSER]) VALUES (2245, 1102, N'添加', N'Add', NULL, 0, N'2016-06-17 00:00:00', N'管理员', N'2016-06-17 00:00:00', N'管理员')
INSERT INTO [dbo].[SYS_PERMISSION] ([ID], [MODULEID], [NAME], [PERVALUE], [ICON], [SHOWORDER], [CREATEDATE], [CREATEUSER], [UPDATEDATE], [UPDATEUSER]) VALUES (2246, 1102, N'修改', N'Edit', NULL, 0, N'2016-06-17 00:00:00', N'管理员', N'2016-06-17 00:00:00', N'管理员')
INSERT INTO [dbo].[SYS_PERMISSION] ([ID], [MODULEID], [NAME], [PERVALUE], [ICON], [SHOWORDER], [CREATEDATE], [CREATEUSER], [UPDATEDATE], [UPDATEUSER]) VALUES (2247, 1102, N'删除', N'Remove', NULL, 0, N'2016-06-17 00:00:00', N'管理员', N'2016-06-17 00:00:00', N'管理员')
INSERT INTO [dbo].[SYS_PERMISSION] ([ID], [MODULEID], [NAME], [PERVALUE], [ICON], [SHOWORDER], [CREATEDATE], [CREATEUSER], [UPDATEDATE], [UPDATEUSER]) VALUES (2248, 1105, N'查看', N'View', NULL, 0, N'2016-06-18 00:00:00', N'管理员', N'2016-06-18 00:00:00', N'管理员')
INSERT INTO [dbo].[SYS_PERMISSION] ([ID], [MODULEID], [NAME], [PERVALUE], [ICON], [SHOWORDER], [CREATEDATE], [CREATEUSER], [UPDATEDATE], [UPDATEUSER]) VALUES (2249, 1105, N'列表', N'List', NULL, 0, N'2016-06-18 00:00:00', N'管理员', N'2016-06-18 00:00:00', N'管理员')
INSERT INTO [dbo].[SYS_PERMISSION] ([ID], [MODULEID], [NAME], [PERVALUE], [ICON], [SHOWORDER], [CREATEDATE], [CREATEUSER], [UPDATEDATE], [UPDATEUSER]) VALUES (2250, 1105, N'详情', N'Detail', NULL, 0, N'2016-06-18 00:00:00', N'管理员', N'2016-06-18 00:00:00', N'管理员')
INSERT INTO [dbo].[SYS_PERMISSION] ([ID], [MODULEID], [NAME], [PERVALUE], [ICON], [SHOWORDER], [CREATEDATE], [CREATEUSER], [UPDATEDATE], [UPDATEUSER]) VALUES (2251, 1105, N'添加', N'Add', NULL, 0, N'2016-06-18 00:00:00', N'管理员', N'2016-06-18 00:00:00', N'管理员')
INSERT INTO [dbo].[SYS_PERMISSION] ([ID], [MODULEID], [NAME], [PERVALUE], [ICON], [SHOWORDER], [CREATEDATE], [CREATEUSER], [UPDATEDATE], [UPDATEUSER]) VALUES (2252, 1105, N'修改', N'Edit', NULL, 0, N'2016-06-18 00:00:00', N'管理员', N'2016-06-18 00:00:00', N'管理员')
INSERT INTO [dbo].[SYS_PERMISSION] ([ID], [MODULEID], [NAME], [PERVALUE], [ICON], [SHOWORDER], [CREATEDATE], [CREATEUSER], [UPDATEDATE], [UPDATEUSER]) VALUES (2253, 1105, N'删除', N'Remove', NULL, 0, N'2016-06-18 00:00:00', N'管理员', N'2016-06-18 00:00:00', N'管理员')
INSERT INTO [dbo].[SYS_PERMISSION] ([ID], [MODULEID], [NAME], [PERVALUE], [ICON], [SHOWORDER], [CREATEDATE], [CREATEUSER], [UPDATEDATE], [UPDATEUSER]) VALUES (2254, 1105, N'项目文档', N'Document', N'', 0, N'2016-06-20 00:00:00', N'管理员', N'2016-06-20 00:00:00', N'管理员')
INSERT INTO [dbo].[SYS_PERMISSION] ([ID], [MODULEID], [NAME], [PERVALUE], [ICON], [SHOWORDER], [CREATEDATE], [CREATEUSER], [UPDATEDATE], [UPDATEUSER]) VALUES (2255, 1106, N'查看', N'View', NULL, 0, N'2016-06-20 00:00:00', N'管理员', N'2016-06-20 00:00:00', N'管理员')
INSERT INTO [dbo].[SYS_PERMISSION] ([ID], [MODULEID], [NAME], [PERVALUE], [ICON], [SHOWORDER], [CREATEDATE], [CREATEUSER], [UPDATEDATE], [UPDATEUSER]) VALUES (2256, 1106, N'列表', N'List', NULL, 0, N'2016-06-20 00:00:00', N'管理员', N'2016-06-20 00:00:00', N'管理员')
INSERT INTO [dbo].[SYS_PERMISSION] ([ID], [MODULEID], [NAME], [PERVALUE], [ICON], [SHOWORDER], [CREATEDATE], [CREATEUSER], [UPDATEDATE], [UPDATEUSER]) VALUES (2257, 1106, N'详情', N'Detail', NULL, 0, N'2016-06-20 00:00:00', N'管理员', N'2016-06-20 00:00:00', N'管理员')
INSERT INTO [dbo].[SYS_PERMISSION] ([ID], [MODULEID], [NAME], [PERVALUE], [ICON], [SHOWORDER], [CREATEDATE], [CREATEUSER], [UPDATEDATE], [UPDATEUSER]) VALUES (2258, 1106, N'添加', N'Add', NULL, 0, N'2016-06-20 00:00:00', N'管理员', N'2016-06-20 00:00:00', N'管理员')
INSERT INTO [dbo].[SYS_PERMISSION] ([ID], [MODULEID], [NAME], [PERVALUE], [ICON], [SHOWORDER], [CREATEDATE], [CREATEUSER], [UPDATEDATE], [UPDATEUSER]) VALUES (2259, 1106, N'修改', N'Edit', NULL, 0, N'2016-06-20 00:00:00', N'管理员', N'2016-06-20 00:00:00', N'管理员')
INSERT INTO [dbo].[SYS_PERMISSION] ([ID], [MODULEID], [NAME], [PERVALUE], [ICON], [SHOWORDER], [CREATEDATE], [CREATEUSER], [UPDATEDATE], [UPDATEUSER]) VALUES (2260, 1106, N'删除', N'Remove', NULL, 0, N'2016-06-20 00:00:00', N'管理员', N'2016-06-20 00:00:00', N'管理员')
INSERT INTO [dbo].[SYS_PERMISSION] ([ID], [MODULEID], [NAME], [PERVALUE], [ICON], [SHOWORDER], [CREATEDATE], [CREATEUSER], [UPDATEDATE], [UPDATEUSER]) VALUES (2261, 1105, N'阶段任务', N'Stage', N'', 0, N'2016-06-20 00:00:00', N'管理员', N'2016-06-20 00:00:00', N'管理员')
INSERT INTO [dbo].[SYS_PERMISSION] ([ID], [MODULEID], [NAME], [PERVALUE], [ICON], [SHOWORDER], [CREATEDATE], [CREATEUSER], [UPDATEDATE], [UPDATEUSER]) VALUES (2262, 1107, N'查看', N'View', NULL, 0, N'2016-06-20 00:00:00', N'管理员', N'2016-06-20 00:00:00', N'管理员')
INSERT INTO [dbo].[SYS_PERMISSION] ([ID], [MODULEID], [NAME], [PERVALUE], [ICON], [SHOWORDER], [CREATEDATE], [CREATEUSER], [UPDATEDATE], [UPDATEUSER]) VALUES (2263, 1107, N'列表', N'List', NULL, 0, N'2016-06-20 00:00:00', N'管理员', N'2016-06-20 00:00:00', N'管理员')
INSERT INTO [dbo].[SYS_PERMISSION] ([ID], [MODULEID], [NAME], [PERVALUE], [ICON], [SHOWORDER], [CREATEDATE], [CREATEUSER], [UPDATEDATE], [UPDATEUSER]) VALUES (2264, 1107, N'详情', N'Detail', NULL, 0, N'2016-06-20 00:00:00', N'管理员', N'2016-06-20 00:00:00', N'管理员')
INSERT INTO [dbo].[SYS_PERMISSION] ([ID], [MODULEID], [NAME], [PERVALUE], [ICON], [SHOWORDER], [CREATEDATE], [CREATEUSER], [UPDATEDATE], [UPDATEUSER]) VALUES (2265, 1107, N'添加', N'Add', NULL, 0, N'2016-06-20 00:00:00', N'管理员', N'2016-06-20 00:00:00', N'管理员')
INSERT INTO [dbo].[SYS_PERMISSION] ([ID], [MODULEID], [NAME], [PERVALUE], [ICON], [SHOWORDER], [CREATEDATE], [CREATEUSER], [UPDATEDATE], [UPDATEUSER]) VALUES (2266, 1107, N'修改', N'Edit', NULL, 0, N'2016-06-20 00:00:00', N'管理员', N'2016-06-20 00:00:00', N'管理员')
INSERT INTO [dbo].[SYS_PERMISSION] ([ID], [MODULEID], [NAME], [PERVALUE], [ICON], [SHOWORDER], [CREATEDATE], [CREATEUSER], [UPDATEDATE], [UPDATEUSER]) VALUES (2267, 1107, N'删除', N'Remove', NULL, 0, N'2016-06-20 00:00:00', N'管理员', N'2016-06-20 00:00:00', N'管理员')
INSERT INTO [dbo].[SYS_PERMISSION] ([ID], [MODULEID], [NAME], [PERVALUE], [ICON], [SHOWORDER], [CREATEDATE], [CREATEUSER], [UPDATEDATE], [UPDATEUSER]) VALUES (2268, 1105, N'团队成员', N'Teams', N'', 0, N'2016-06-20 00:00:00', N'管理员', N'2016-06-20 00:00:00', N'管理员')
INSERT INTO [dbo].[SYS_PERMISSION] ([ID], [MODULEID], [NAME], [PERVALUE], [ICON], [SHOWORDER], [CREATEDATE], [CREATEUSER], [UPDATEDATE], [UPDATEUSER]) VALUES (2269, 1108, N'查看', N'View', NULL, 0, N'2016-06-20 00:00:00', N'管理员', N'2016-06-20 00:00:00', N'管理员')
INSERT INTO [dbo].[SYS_PERMISSION] ([ID], [MODULEID], [NAME], [PERVALUE], [ICON], [SHOWORDER], [CREATEDATE], [CREATEUSER], [UPDATEDATE], [UPDATEUSER]) VALUES (2271, 1108, N'详情', N'Detail', NULL, 0, N'2016-06-20 00:00:00', N'管理员', N'2016-06-20 00:00:00', N'管理员')
INSERT INTO [dbo].[SYS_PERMISSION] ([ID], [MODULEID], [NAME], [PERVALUE], [ICON], [SHOWORDER], [CREATEDATE], [CREATEUSER], [UPDATEDATE], [UPDATEUSER]) VALUES (2275, 1108, N'审核', N'Audit', N'', 0, N'2016-06-20 00:00:00', N'管理员', N'2016-06-20 00:00:00', N'管理员')
INSERT INTO [dbo].[SYS_PERMISSION] ([ID], [MODULEID], [NAME], [PERVALUE], [ICON], [SHOWORDER], [CREATEDATE], [CREATEUSER], [UPDATEDATE], [UPDATEUSER]) VALUES (2276, 1110, N'查看', N'View', NULL, 0, N'2016-06-21 00:00:00', N'管理员', N'2016-06-21 00:00:00', N'管理员')
INSERT INTO [dbo].[SYS_PERMISSION] ([ID], [MODULEID], [NAME], [PERVALUE], [ICON], [SHOWORDER], [CREATEDATE], [CREATEUSER], [UPDATEDATE], [UPDATEUSER]) VALUES (2278, 1110, N'详情', N'Detail', NULL, 0, N'2016-06-21 00:00:00', N'管理员', N'2016-06-21 00:00:00', N'管理员')
INSERT INTO [dbo].[SYS_PERMISSION] ([ID], [MODULEID], [NAME], [PERVALUE], [ICON], [SHOWORDER], [CREATEDATE], [CREATEUSER], [UPDATEDATE], [UPDATEUSER]) VALUES (2282, 1110, N'加入团队', N'JoinTeam', N'', 0, N'2016-06-21 00:00:00', N'管理员', N'2016-06-21 00:00:00', N'管理员')
INSERT INTO [dbo].[SYS_PERMISSION] ([ID], [MODULEID], [NAME], [PERVALUE], [ICON], [SHOWORDER], [CREATEDATE], [CREATEUSER], [UPDATEDATE], [UPDATEUSER]) VALUES (2283, 1108, N'拒绝', N'Refuse', N'', 0, N'2016-06-21 00:00:00', N'管理员', N'2016-06-21 00:00:00', N'管理员')
INSERT INTO [dbo].[SYS_PERMISSION] ([ID], [MODULEID], [NAME], [PERVALUE], [ICON], [SHOWORDER], [CREATEDATE], [CREATEUSER], [UPDATEDATE], [UPDATEUSER]) VALUES (2284, 1110, N'阶段验收', N'Acceptance', N'', 0, N'2016-06-21 00:00:00', N'管理员', N'2016-06-21 00:00:00', N'管理员')
INSERT INTO [dbo].[SYS_PERMISSION] ([ID], [MODULEID], [NAME], [PERVALUE], [ICON], [SHOWORDER], [CREATEDATE], [CREATEUSER], [UPDATEDATE], [UPDATEUSER]) VALUES (2285, 1111, N'查看', N'View', NULL, 0, N'2016-06-22 00:00:00', N'管理员', N'2016-06-22 00:00:00', N'管理员')
INSERT INTO [dbo].[SYS_PERMISSION] ([ID], [MODULEID], [NAME], [PERVALUE], [ICON], [SHOWORDER], [CREATEDATE], [CREATEUSER], [UPDATEDATE], [UPDATEUSER]) VALUES (2288, 1111, N'添加', N'Add', NULL, 0, N'2016-06-22 00:00:00', N'管理员', N'2016-06-22 00:00:00', N'管理员')
INSERT INTO [dbo].[SYS_PERMISSION] ([ID], [MODULEID], [NAME], [PERVALUE], [ICON], [SHOWORDER], [CREATEDATE], [CREATEUSER], [UPDATEDATE], [UPDATEUSER]) VALUES (2292, 1112, N'查看', N'View', N'', 0, N'2016-06-22 00:00:00', N'管理员', N'2016-06-22 00:00:00', N'管理员')
INSERT INTO [dbo].[SYS_PERMISSION] ([ID], [MODULEID], [NAME], [PERVALUE], [ICON], [SHOWORDER], [CREATEDATE], [CREATEUSER], [UPDATEDATE], [UPDATEUSER]) VALUES (2293, 1115, N'查看', N'View', NULL, 0, N'2016-06-23 00:00:00', N'管理员', N'2016-06-23 00:00:00', N'管理员')
INSERT INTO [dbo].[SYS_PERMISSION] ([ID], [MODULEID], [NAME], [PERVALUE], [ICON], [SHOWORDER], [CREATEDATE], [CREATEUSER], [UPDATEDATE], [UPDATEUSER]) VALUES (2294, 1115, N'列表', N'List', NULL, 0, N'2016-06-23 00:00:00', N'管理员', N'2016-06-23 00:00:00', N'管理员')
INSERT INTO [dbo].[SYS_PERMISSION] ([ID], [MODULEID], [NAME], [PERVALUE], [ICON], [SHOWORDER], [CREATEDATE], [CREATEUSER], [UPDATEDATE], [UPDATEUSER]) VALUES (2295, 1115, N'详情', N'Detail', NULL, 0, N'2016-06-23 00:00:00', N'管理员', N'2016-06-23 00:00:00', N'管理员')
INSERT INTO [dbo].[SYS_PERMISSION] ([ID], [MODULEID], [NAME], [PERVALUE], [ICON], [SHOWORDER], [CREATEDATE], [CREATEUSER], [UPDATEDATE], [UPDATEUSER]) VALUES (2296, 1115, N'添加', N'Add', NULL, 0, N'2016-06-23 00:00:00', N'管理员', N'2016-06-23 00:00:00', N'管理员')
INSERT INTO [dbo].[SYS_PERMISSION] ([ID], [MODULEID], [NAME], [PERVALUE], [ICON], [SHOWORDER], [CREATEDATE], [CREATEUSER], [UPDATEDATE], [UPDATEUSER]) VALUES (2297, 1115, N'修改', N'Edit', NULL, 0, N'2016-06-23 00:00:00', N'管理员', N'2016-06-23 00:00:00', N'管理员')
INSERT INTO [dbo].[SYS_PERMISSION] ([ID], [MODULEID], [NAME], [PERVALUE], [ICON], [SHOWORDER], [CREATEDATE], [CREATEUSER], [UPDATEDATE], [UPDATEUSER]) VALUES (2298, 1115, N'删除', N'Remove', NULL, 0, N'2016-06-23 00:00:00', N'管理员', N'2016-06-23 00:00:00', N'管理员')
INSERT INTO [dbo].[SYS_PERMISSION] ([ID], [MODULEID], [NAME], [PERVALUE], [ICON], [SHOWORDER], [CREATEDATE], [CREATEUSER], [UPDATEDATE], [UPDATEUSER]) VALUES (2299, 1115, N'发邮件', N'WriteMail', N'', 0, N'2016-06-23 00:00:00', N'管理员', N'2016-06-23 00:00:00', N'管理员')
INSERT INTO [dbo].[SYS_PERMISSION] ([ID], [MODULEID], [NAME], [PERVALUE], [ICON], [SHOWORDER], [CREATEDATE], [CREATEUSER], [UPDATEDATE], [UPDATEUSER]) VALUES (2300, 1115, N'发件箱', N'MailOutbox', N'', 0, N'2016-06-24 00:00:00', N'管理员', N'2016-06-24 00:00:00', N'管理员')
INSERT INTO [dbo].[SYS_PERMISSION] ([ID], [MODULEID], [NAME], [PERVALUE], [ICON], [SHOWORDER], [CREATEDATE], [CREATEUSER], [UPDATEDATE], [UPDATEUSER]) VALUES (2301, 1115, N'收件箱', N'MailInbox', N'', 0, N'2016-06-24 00:00:00', N'管理员', N'2016-06-24 00:00:00', N'管理员')
INSERT INTO [dbo].[SYS_PERMISSION] ([ID], [MODULEID], [NAME], [PERVALUE], [ICON], [SHOWORDER], [CREATEDATE], [CREATEUSER], [UPDATEDATE], [UPDATEUSER]) VALUES (2302, 1115, N'放入垃圾箱', N'Trash', N'', 0, N'2016-06-24 00:00:00', N'管理员', N'2016-06-24 00:00:00', N'管理员')
INSERT INTO [dbo].[SYS_PERMISSION] ([ID], [MODULEID], [NAME], [PERVALUE], [ICON], [SHOWORDER], [CREATEDATE], [CREATEUSER], [UPDATEDATE], [UPDATEUSER]) VALUES (2303, 1115, N'彻底删除', N'Clear', N'', 0, N'2016-06-24 00:00:00', N'管理员', N'2016-06-24 00:00:00', N'管理员')
INSERT INTO [dbo].[SYS_PERMISSION] ([ID], [MODULEID], [NAME], [PERVALUE], [ICON], [SHOWORDER], [CREATEDATE], [CREATEUSER], [UPDATEDATE], [UPDATEUSER]) VALUES (2304, 1115, N'垃圾箱', N'MailTrashbox', N'', 0, N'2016-06-24 00:00:00', N'管理员', N'2016-06-24 00:00:00', N'管理员')
INSERT INTO [dbo].[SYS_PERMISSION] ([ID], [MODULEID], [NAME], [PERVALUE], [ICON], [SHOWORDER], [CREATEDATE], [CREATEUSER], [UPDATEDATE], [UPDATEUSER]) VALUES (2305, 1116, N'查看', N'View', NULL, 0, N'2016-06-24 00:00:00', N'管理员', N'2016-06-24 00:00:00', N'管理员')
INSERT INTO [dbo].[SYS_PERMISSION] ([ID], [MODULEID], [NAME], [PERVALUE], [ICON], [SHOWORDER], [CREATEDATE], [CREATEUSER], [UPDATEDATE], [UPDATEUSER]) VALUES (2306, 1116, N'列表', N'List', NULL, 0, N'2016-06-24 00:00:00', N'管理员', N'2016-06-24 00:00:00', N'管理员')
INSERT INTO [dbo].[SYS_PERMISSION] ([ID], [MODULEID], [NAME], [PERVALUE], [ICON], [SHOWORDER], [CREATEDATE], [CREATEUSER], [UPDATEDATE], [UPDATEUSER]) VALUES (2307, 1116, N'详情', N'Detail', NULL, 0, N'2016-06-24 00:00:00', N'管理员', N'2016-06-24 00:00:00', N'管理员')
INSERT INTO [dbo].[SYS_PERMISSION] ([ID], [MODULEID], [NAME], [PERVALUE], [ICON], [SHOWORDER], [CREATEDATE], [CREATEUSER], [UPDATEDATE], [UPDATEUSER]) VALUES (2308, 1116, N'添加', N'Add', NULL, 0, N'2016-06-24 00:00:00', N'管理员', N'2016-06-24 00:00:00', N'管理员')
INSERT INTO [dbo].[SYS_PERMISSION] ([ID], [MODULEID], [NAME], [PERVALUE], [ICON], [SHOWORDER], [CREATEDATE], [CREATEUSER], [UPDATEDATE], [UPDATEUSER]) VALUES (2309, 1116, N'修改', N'Edit', NULL, 0, N'2016-06-24 00:00:00', N'管理员', N'2016-06-24 00:00:00', N'管理员')
INSERT INTO [dbo].[SYS_PERMISSION] ([ID], [MODULEID], [NAME], [PERVALUE], [ICON], [SHOWORDER], [CREATEDATE], [CREATEUSER], [UPDATEDATE], [UPDATEUSER]) VALUES (2310, 1116, N'删除', N'Remove', NULL, 0, N'2016-06-24 00:00:00', N'管理员', N'2016-06-24 00:00:00', N'管理员')
INSERT INTO [dbo].[SYS_PERMISSION] ([ID], [MODULEID], [NAME], [PERVALUE], [ICON], [SHOWORDER], [CREATEDATE], [CREATEUSER], [UPDATEDATE], [UPDATEUSER]) VALUES (2311, 1117, N'查看', N'View', NULL, 0, N'2016-06-24 00:00:00', N'管理员', N'2016-06-24 00:00:00', N'管理员')
INSERT INTO [dbo].[SYS_PERMISSION] ([ID], [MODULEID], [NAME], [PERVALUE], [ICON], [SHOWORDER], [CREATEDATE], [CREATEUSER], [UPDATEDATE], [UPDATEUSER]) VALUES (2312, 1117, N'列表', N'List', NULL, 0, N'2016-06-24 00:00:00', N'管理员', N'2016-06-24 00:00:00', N'管理员')
INSERT INTO [dbo].[SYS_PERMISSION] ([ID], [MODULEID], [NAME], [PERVALUE], [ICON], [SHOWORDER], [CREATEDATE], [CREATEUSER], [UPDATEDATE], [UPDATEUSER]) VALUES (2313, 1117, N'详情', N'Detail', NULL, 0, N'2016-06-24 00:00:00', N'管理员', N'2016-06-24 00:00:00', N'管理员')
INSERT INTO [dbo].[SYS_PERMISSION] ([ID], [MODULEID], [NAME], [PERVALUE], [ICON], [SHOWORDER], [CREATEDATE], [CREATEUSER], [UPDATEDATE], [UPDATEUSER]) VALUES (2314, 1117, N'添加', N'Add', NULL, 0, N'2016-06-24 00:00:00', N'管理员', N'2016-06-24 00:00:00', N'管理员')
INSERT INTO [dbo].[SYS_PERMISSION] ([ID], [MODULEID], [NAME], [PERVALUE], [ICON], [SHOWORDER], [CREATEDATE], [CREATEUSER], [UPDATEDATE], [UPDATEUSER]) VALUES (2315, 1117, N'修改', N'Edit', NULL, 0, N'2016-06-24 00:00:00', N'管理员', N'2016-06-24 00:00:00', N'管理员')
INSERT INTO [dbo].[SYS_PERMISSION] ([ID], [MODULEID], [NAME], [PERVALUE], [ICON], [SHOWORDER], [CREATEDATE], [CREATEUSER], [UPDATEDATE], [UPDATEUSER]) VALUES (2316, 1117, N'删除', N'Remove', NULL, 0, N'2016-06-24 00:00:00', N'管理员', N'2016-06-24 00:00:00', N'管理员')
INSERT INTO [dbo].[SYS_PERMISSION] ([ID], [MODULEID], [NAME], [PERVALUE], [ICON], [SHOWORDER], [CREATEDATE], [CREATEUSER], [UPDATEDATE], [UPDATEUSER]) VALUES (3285, 2111, N'查看', N'View', NULL, 0, N'2016-06-27 00:00:00', N'管理员', N'2016-06-27 00:00:00', N'管理员')
INSERT INTO [dbo].[SYS_PERMISSION] ([ID], [MODULEID], [NAME], [PERVALUE], [ICON], [SHOWORDER], [CREATEDATE], [CREATEUSER], [UPDATEDATE], [UPDATEUSER]) VALUES (3286, 2111, N'列表', N'List', NULL, 0, N'2016-06-27 00:00:00', N'管理员', N'2016-06-27 00:00:00', N'管理员')
INSERT INTO [dbo].[SYS_PERMISSION] ([ID], [MODULEID], [NAME], [PERVALUE], [ICON], [SHOWORDER], [CREATEDATE], [CREATEUSER], [UPDATEDATE], [UPDATEUSER]) VALUES (3287, 2111, N'详情', N'Detail', NULL, 0, N'2016-06-27 00:00:00', N'管理员', N'2016-06-27 00:00:00', N'管理员')
INSERT INTO [dbo].[SYS_PERMISSION] ([ID], [MODULEID], [NAME], [PERVALUE], [ICON], [SHOWORDER], [CREATEDATE], [CREATEUSER], [UPDATEDATE], [UPDATEUSER]) VALUES (3288, 2111, N'添加', N'Add', NULL, 0, N'2016-06-27 00:00:00', N'管理员', N'2016-06-27 00:00:00', N'管理员')
INSERT INTO [dbo].[SYS_PERMISSION] ([ID], [MODULEID], [NAME], [PERVALUE], [ICON], [SHOWORDER], [CREATEDATE], [CREATEUSER], [UPDATEDATE], [UPDATEUSER]) VALUES (3289, 2111, N'修改', N'Edit', NULL, 0, N'2016-06-27 00:00:00', N'管理员', N'2016-06-27 00:00:00', N'管理员')
INSERT INTO [dbo].[SYS_PERMISSION] ([ID], [MODULEID], [NAME], [PERVALUE], [ICON], [SHOWORDER], [CREATEDATE], [CREATEUSER], [UPDATEDATE], [UPDATEUSER]) VALUES (3290, 2111, N'删除', N'Remove', NULL, 0, N'2016-06-27 00:00:00', N'管理员', N'2016-06-27 00:00:00', N'管理员')
INSERT INTO [dbo].[SYS_PERMISSION] ([ID], [MODULEID], [NAME], [PERVALUE], [ICON], [SHOWORDER], [CREATEDATE], [CREATEUSER], [UPDATEDATE], [UPDATEUSER]) VALUES (3291, 92, N'工作日报', N'UserDaily', N'', 0, N'2016-06-27 00:00:00', N'管理员', N'2016-06-27 00:00:00', N'管理员')
INSERT INTO [dbo].[SYS_PERMISSION] ([ID], [MODULEID], [NAME], [PERVALUE], [ICON], [SHOWORDER], [CREATEDATE], [CREATEUSER], [UPDATEDATE], [UPDATEUSER]) VALUES (3292, 92, N'考勤', N'Attendance', N'', 0, N'2016-06-27 00:00:00', N'管理员', N'2016-06-27 00:00:00', N'管理员')
SET IDENTITY_INSERT [dbo].[SYS_PERMISSION] OFF

INSERT INTO [dbo].[SYS_POST] ([ID], [POSTNAME], [POSTTYPE], [REMARK], [SHOWORDER], [CREATEUSERID], [CREATEDATE], [UPDATEDATE], [UPDATEUSER], [FK_DEPARTID], [CREATEUSER]) VALUES (N'091663d7-e0c3-49cb-ba88-fabad6c027d5', N'营养师', N'2', NULL, 0, NULL, N'2016-06-06 18:02:07', N'2016-06-06 18:02:07', N'管理员', N'cb509502-b5e1-432c-a556-6be15ef19cb4', N'管理员')
INSERT INTO [dbo].[SYS_POST] ([ID], [POSTNAME], [POSTTYPE], [REMARK], [SHOWORDER], [CREATEUSERID], [CREATEDATE], [UPDATEDATE], [UPDATEUSER], [FK_DEPARTID], [CREATEUSER]) VALUES (N'4da8da23-da86-4c89-a8be-28a7542cd06e', N'经理', N'1', NULL, 0, NULL, N'2016-08-15 21:58:17', N'2016-08-15 21:58:17', N'管理员', N'9c299b69-bf32-48ea-a1e0-97ee5217b283', N'管理员')
INSERT INTO [dbo].[SYS_POST] ([ID], [POSTNAME], [POSTTYPE], [REMARK], [SHOWORDER], [CREATEUSERID], [CREATEDATE], [UPDATEDATE], [UPDATEUSER], [FK_DEPARTID], [CREATEUSER]) VALUES (N'927b5e5d-960f-41b9-a90b-43aee819dc32', N'软件工程师', N'3', NULL, 0, NULL, N'2016-06-06 15:31:13', N'2016-06-06 15:31:13', N'管理员', N'2ffabf27-7154-49aa-8c53-9d01a36d806e', N'管理员')
INSERT INTO [dbo].[SYS_POST] ([ID], [POSTNAME], [POSTTYPE], [REMARK], [SHOWORDER], [CREATEUSERID], [CREATEDATE], [UPDATEDATE], [UPDATEUSER], [FK_DEPARTID], [CREATEUSER]) VALUES (N'a42491a2-1f32-4580-9a8d-d69ea4cdfafe', N'人事', N'3', NULL, 0, NULL, N'2016-06-17 08:45:47', N'2016-08-15 21:58:35', N'管理员', N'ac0818cf-df88-41b3-99f4-4a623227164d', N'管理员')
INSERT INTO [dbo].[SYS_POST] ([ID], [POSTNAME], [POSTTYPE], [REMARK], [SHOWORDER], [CREATEUSERID], [CREATEDATE], [UPDATEDATE], [UPDATEUSER], [FK_DEPARTID], [CREATEUSER]) VALUES (N'c982b083-f57b-44de-94cb-17f98afe8f3e', N'前端工程师', N'3', NULL, 0, NULL, N'2016-06-06 15:30:58', N'2016-06-06 15:30:58', N'管理员', N'2ffabf27-7154-49aa-8c53-9d01a36d806e', N'管理员')

SET IDENTITY_INSERT [dbo].[SYS_POST_USER] ON
INSERT INTO [dbo].[SYS_POST_USER] ([ID], [FK_USERID], [FK_POSTID]) VALUES (1009, 1, N'927b5e5d-960f-41b9-a90b-43aee819dc32')
SET IDENTITY_INSERT [dbo].[SYS_POST_USER] OFF

SET IDENTITY_INSERT [dbo].[SYS_ROLE] ON
INSERT INTO [dbo].[SYS_ROLE] ([ID], [ROLENAME], [ISCUSTOM], [ROLEDESC], [CREATEPERID], [CREATEDATE], [UPDATEDATE], [UPDATEUSER], [FK_BELONGSYSTEM]) VALUES (1, N'超级管理员', 1, NULL, N'管理员', N'2015-01-01 00:00:00', N'2015-01-01 00:00:00', N'管理员', N'fddeab19-3588-4fe1-83b6-c15d4abb942d')
INSERT INTO [dbo].[SYS_ROLE] ([ID], [ROLENAME], [ISCUSTOM], [ROLEDESC], [CREATEPERID], [CREATEDATE], [UPDATEDATE], [UPDATEUSER], [FK_BELONGSYSTEM]) VALUES (4, N'软件开发工程师', 0, NULL, N'管理员', N'2016-06-07 10:30:36', N'2016-06-21 14:15:01', N'管理员', N'de6bfe62-2816-44a8-b43a-cc09a35b489c')
INSERT INTO [dbo].[SYS_ROLE] ([ID], [ROLENAME], [ISCUSTOM], [ROLEDESC], [CREATEPERID], [CREATEDATE], [UPDATEDATE], [UPDATEUSER], [FK_BELONGSYSTEM]) VALUES (5, N'普通管理员', 0, NULL, N'管理员', N'2016-06-21 14:15:28', N'2016-06-21 14:15:28', N'管理员', N'fddeab19-3588-4fe1-83b6-c15d4abb942d')
INSERT INTO [dbo].[SYS_ROLE] ([ID], [ROLENAME], [ISCUSTOM], [ROLEDESC], [CREATEPERID], [CREATEDATE], [UPDATEDATE], [UPDATEUSER], [FK_BELONGSYSTEM]) VALUES (6, N'系统邮件', 0, NULL, N'管理员', N'2016-06-24 18:12:40', N'2016-06-24 18:12:40', N'管理员', N'39defc64-dfa3-4cde-b0dc-4559e66bd968')
INSERT INTO [dbo].[SYS_ROLE] ([ID], [ROLENAME], [ISCUSTOM], [ROLEDESC], [CREATEPERID], [CREATEDATE], [UPDATEDATE], [UPDATEUSER], [FK_BELONGSYSTEM]) VALUES (7, N'测试角色', 0, NULL, N'管理员', N'2016-08-15 00:19:56', N'2016-08-15 00:19:56', N'管理员', N'fddeab19-3588-4fe1-83b6-c15d4abb942d')
SET IDENTITY_INSERT [dbo].[SYS_ROLE] OFF

SET IDENTITY_INSERT [dbo].[SYS_ROLE_PERMISSION] ON
INSERT INTO [dbo].[SYS_ROLE_PERMISSION] ([ID], [ROLEID], [PERMISSIONID]) VALUES (1173, 4, 2276)
INSERT INTO [dbo].[SYS_ROLE_PERMISSION] ([ID], [ROLEID], [PERMISSIONID]) VALUES (1174, 4, 2278)
INSERT INTO [dbo].[SYS_ROLE_PERMISSION] ([ID], [ROLEID], [PERMISSIONID]) VALUES (1175, 4, 2282)
INSERT INTO [dbo].[SYS_ROLE_PERMISSION] ([ID], [ROLEID], [PERMISSIONID]) VALUES (1176, 4, 2284)
INSERT INTO [dbo].[SYS_ROLE_PERMISSION] ([ID], [ROLEID], [PERMISSIONID]) VALUES (1177, 4, 2285)
INSERT INTO [dbo].[SYS_ROLE_PERMISSION] ([ID], [ROLEID], [PERMISSIONID]) VALUES (1178, 4, 2288)
INSERT INTO [dbo].[SYS_ROLE_PERMISSION] ([ID], [ROLEID], [PERMISSIONID]) VALUES (1179, 4, 2248)
INSERT INTO [dbo].[SYS_ROLE_PERMISSION] ([ID], [ROLEID], [PERMISSIONID]) VALUES (1180, 4, 2249)
INSERT INTO [dbo].[SYS_ROLE_PERMISSION] ([ID], [ROLEID], [PERMISSIONID]) VALUES (1181, 4, 2250)
INSERT INTO [dbo].[SYS_ROLE_PERMISSION] ([ID], [ROLEID], [PERMISSIONID]) VALUES (1182, 4, 2251)
INSERT INTO [dbo].[SYS_ROLE_PERMISSION] ([ID], [ROLEID], [PERMISSIONID]) VALUES (1183, 4, 2252)
INSERT INTO [dbo].[SYS_ROLE_PERMISSION] ([ID], [ROLEID], [PERMISSIONID]) VALUES (1184, 4, 2253)
INSERT INTO [dbo].[SYS_ROLE_PERMISSION] ([ID], [ROLEID], [PERMISSIONID]) VALUES (1185, 4, 2254)
INSERT INTO [dbo].[SYS_ROLE_PERMISSION] ([ID], [ROLEID], [PERMISSIONID]) VALUES (1186, 4, 2261)
INSERT INTO [dbo].[SYS_ROLE_PERMISSION] ([ID], [ROLEID], [PERMISSIONID]) VALUES (1187, 4, 2268)
INSERT INTO [dbo].[SYS_ROLE_PERMISSION] ([ID], [ROLEID], [PERMISSIONID]) VALUES (1188, 4, 2255)
INSERT INTO [dbo].[SYS_ROLE_PERMISSION] ([ID], [ROLEID], [PERMISSIONID]) VALUES (1189, 4, 2256)
INSERT INTO [dbo].[SYS_ROLE_PERMISSION] ([ID], [ROLEID], [PERMISSIONID]) VALUES (1190, 4, 2257)
INSERT INTO [dbo].[SYS_ROLE_PERMISSION] ([ID], [ROLEID], [PERMISSIONID]) VALUES (1191, 4, 2258)
INSERT INTO [dbo].[SYS_ROLE_PERMISSION] ([ID], [ROLEID], [PERMISSIONID]) VALUES (1192, 4, 2259)
INSERT INTO [dbo].[SYS_ROLE_PERMISSION] ([ID], [ROLEID], [PERMISSIONID]) VALUES (1193, 4, 2260)
INSERT INTO [dbo].[SYS_ROLE_PERMISSION] ([ID], [ROLEID], [PERMISSIONID]) VALUES (1194, 4, 2262)
INSERT INTO [dbo].[SYS_ROLE_PERMISSION] ([ID], [ROLEID], [PERMISSIONID]) VALUES (1195, 4, 2263)
INSERT INTO [dbo].[SYS_ROLE_PERMISSION] ([ID], [ROLEID], [PERMISSIONID]) VALUES (1196, 4, 2264)
INSERT INTO [dbo].[SYS_ROLE_PERMISSION] ([ID], [ROLEID], [PERMISSIONID]) VALUES (1197, 4, 2265)
INSERT INTO [dbo].[SYS_ROLE_PERMISSION] ([ID], [ROLEID], [PERMISSIONID]) VALUES (1198, 4, 2266)
INSERT INTO [dbo].[SYS_ROLE_PERMISSION] ([ID], [ROLEID], [PERMISSIONID]) VALUES (1199, 4, 2267)
INSERT INTO [dbo].[SYS_ROLE_PERMISSION] ([ID], [ROLEID], [PERMISSIONID]) VALUES (1200, 4, 2269)
INSERT INTO [dbo].[SYS_ROLE_PERMISSION] ([ID], [ROLEID], [PERMISSIONID]) VALUES (1201, 4, 2271)
INSERT INTO [dbo].[SYS_ROLE_PERMISSION] ([ID], [ROLEID], [PERMISSIONID]) VALUES (1202, 4, 2275)
INSERT INTO [dbo].[SYS_ROLE_PERMISSION] ([ID], [ROLEID], [PERMISSIONID]) VALUES (1203, 4, 2283)
INSERT INTO [dbo].[SYS_ROLE_PERMISSION] ([ID], [ROLEID], [PERMISSIONID]) VALUES (1204, 6, 2293)
INSERT INTO [dbo].[SYS_ROLE_PERMISSION] ([ID], [ROLEID], [PERMISSIONID]) VALUES (1205, 6, 2294)
INSERT INTO [dbo].[SYS_ROLE_PERMISSION] ([ID], [ROLEID], [PERMISSIONID]) VALUES (1206, 6, 2295)
INSERT INTO [dbo].[SYS_ROLE_PERMISSION] ([ID], [ROLEID], [PERMISSIONID]) VALUES (1207, 6, 2296)
INSERT INTO [dbo].[SYS_ROLE_PERMISSION] ([ID], [ROLEID], [PERMISSIONID]) VALUES (1208, 6, 2297)
INSERT INTO [dbo].[SYS_ROLE_PERMISSION] ([ID], [ROLEID], [PERMISSIONID]) VALUES (1209, 6, 2298)
INSERT INTO [dbo].[SYS_ROLE_PERMISSION] ([ID], [ROLEID], [PERMISSIONID]) VALUES (1210, 6, 2299)
INSERT INTO [dbo].[SYS_ROLE_PERMISSION] ([ID], [ROLEID], [PERMISSIONID]) VALUES (1211, 6, 2300)
INSERT INTO [dbo].[SYS_ROLE_PERMISSION] ([ID], [ROLEID], [PERMISSIONID]) VALUES (1212, 6, 2301)
INSERT INTO [dbo].[SYS_ROLE_PERMISSION] ([ID], [ROLEID], [PERMISSIONID]) VALUES (1213, 6, 2302)
INSERT INTO [dbo].[SYS_ROLE_PERMISSION] ([ID], [ROLEID], [PERMISSIONID]) VALUES (1214, 6, 2303)
INSERT INTO [dbo].[SYS_ROLE_PERMISSION] ([ID], [ROLEID], [PERMISSIONID]) VALUES (1215, 6, 2304)
INSERT INTO [dbo].[SYS_ROLE_PERMISSION] ([ID], [ROLEID], [PERMISSIONID]) VALUES (1300, 7, 165)
INSERT INTO [dbo].[SYS_ROLE_PERMISSION] ([ID], [ROLEID], [PERMISSIONID]) VALUES (1301, 7, 166)
INSERT INTO [dbo].[SYS_ROLE_PERMISSION] ([ID], [ROLEID], [PERMISSIONID]) VALUES (1302, 7, 167)
INSERT INTO [dbo].[SYS_ROLE_PERMISSION] ([ID], [ROLEID], [PERMISSIONID]) VALUES (1303, 7, 168)
INSERT INTO [dbo].[SYS_ROLE_PERMISSION] ([ID], [ROLEID], [PERMISSIONID]) VALUES (1304, 7, 169)
INSERT INTO [dbo].[SYS_ROLE_PERMISSION] ([ID], [ROLEID], [PERMISSIONID]) VALUES (1305, 7, 170)
INSERT INTO [dbo].[SYS_ROLE_PERMISSION] ([ID], [ROLEID], [PERMISSIONID]) VALUES (1306, 7, 151)
INSERT INTO [dbo].[SYS_ROLE_PERMISSION] ([ID], [ROLEID], [PERMISSIONID]) VALUES (1307, 7, 152)
INSERT INTO [dbo].[SYS_ROLE_PERMISSION] ([ID], [ROLEID], [PERMISSIONID]) VALUES (1308, 7, 153)
INSERT INTO [dbo].[SYS_ROLE_PERMISSION] ([ID], [ROLEID], [PERMISSIONID]) VALUES (1309, 7, 154)
INSERT INTO [dbo].[SYS_ROLE_PERMISSION] ([ID], [ROLEID], [PERMISSIONID]) VALUES (1310, 7, 161)
INSERT INTO [dbo].[SYS_ROLE_PERMISSION] ([ID], [ROLEID], [PERMISSIONID]) VALUES (1311, 7, 162)
INSERT INTO [dbo].[SYS_ROLE_PERMISSION] ([ID], [ROLEID], [PERMISSIONID]) VALUES (1312, 7, 156)
INSERT INTO [dbo].[SYS_ROLE_PERMISSION] ([ID], [ROLEID], [PERMISSIONID]) VALUES (1313, 7, 157)
INSERT INTO [dbo].[SYS_ROLE_PERMISSION] ([ID], [ROLEID], [PERMISSIONID]) VALUES (1314, 7, 158)
INSERT INTO [dbo].[SYS_ROLE_PERMISSION] ([ID], [ROLEID], [PERMISSIONID]) VALUES (1315, 7, 159)
INSERT INTO [dbo].[SYS_ROLE_PERMISSION] ([ID], [ROLEID], [PERMISSIONID]) VALUES (1316, 7, 160)
INSERT INTO [dbo].[SYS_ROLE_PERMISSION] ([ID], [ROLEID], [PERMISSIONID]) VALUES (1317, 7, 164)
INSERT INTO [dbo].[SYS_ROLE_PERMISSION] ([ID], [ROLEID], [PERMISSIONID]) VALUES (1318, 7, 171)
INSERT INTO [dbo].[SYS_ROLE_PERMISSION] ([ID], [ROLEID], [PERMISSIONID]) VALUES (1319, 7, 172)
INSERT INTO [dbo].[SYS_ROLE_PERMISSION] ([ID], [ROLEID], [PERMISSIONID]) VALUES (1320, 7, 173)
INSERT INTO [dbo].[SYS_ROLE_PERMISSION] ([ID], [ROLEID], [PERMISSIONID]) VALUES (1321, 7, 174)
INSERT INTO [dbo].[SYS_ROLE_PERMISSION] ([ID], [ROLEID], [PERMISSIONID]) VALUES (1322, 7, 175)
INSERT INTO [dbo].[SYS_ROLE_PERMISSION] ([ID], [ROLEID], [PERMISSIONID]) VALUES (1323, 7, 176)
INSERT INTO [dbo].[SYS_ROLE_PERMISSION] ([ID], [ROLEID], [PERMISSIONID]) VALUES (1324, 7, 179)
INSERT INTO [dbo].[SYS_ROLE_PERMISSION] ([ID], [ROLEID], [PERMISSIONID]) VALUES (1325, 7, 2236)
INSERT INTO [dbo].[SYS_ROLE_PERMISSION] ([ID], [ROLEID], [PERMISSIONID]) VALUES (1326, 7, 2237)
INSERT INTO [dbo].[SYS_ROLE_PERMISSION] ([ID], [ROLEID], [PERMISSIONID]) VALUES (1327, 7, 2238)
INSERT INTO [dbo].[SYS_ROLE_PERMISSION] ([ID], [ROLEID], [PERMISSIONID]) VALUES (1328, 7, 2239)
INSERT INTO [dbo].[SYS_ROLE_PERMISSION] ([ID], [ROLEID], [PERMISSIONID]) VALUES (1329, 7, 2240)
INSERT INTO [dbo].[SYS_ROLE_PERMISSION] ([ID], [ROLEID], [PERMISSIONID]) VALUES (1330, 7, 2241)
INSERT INTO [dbo].[SYS_ROLE_PERMISSION] ([ID], [ROLEID], [PERMISSIONID]) VALUES (2374, 5, 1179)
INSERT INTO [dbo].[SYS_ROLE_PERMISSION] ([ID], [ROLEID], [PERMISSIONID]) VALUES (2375, 5, 1180)
INSERT INTO [dbo].[SYS_ROLE_PERMISSION] ([ID], [ROLEID], [PERMISSIONID]) VALUES (2376, 5, 1181)
INSERT INTO [dbo].[SYS_ROLE_PERMISSION] ([ID], [ROLEID], [PERMISSIONID]) VALUES (2377, 5, 1182)
INSERT INTO [dbo].[SYS_ROLE_PERMISSION] ([ID], [ROLEID], [PERMISSIONID]) VALUES (2378, 5, 1183)
INSERT INTO [dbo].[SYS_ROLE_PERMISSION] ([ID], [ROLEID], [PERMISSIONID]) VALUES (2379, 5, 1184)
INSERT INTO [dbo].[SYS_ROLE_PERMISSION] ([ID], [ROLEID], [PERMISSIONID]) VALUES (2380, 5, 1198)
INSERT INTO [dbo].[SYS_ROLE_PERMISSION] ([ID], [ROLEID], [PERMISSIONID]) VALUES (2381, 5, 1185)
INSERT INTO [dbo].[SYS_ROLE_PERMISSION] ([ID], [ROLEID], [PERMISSIONID]) VALUES (2382, 5, 1186)
INSERT INTO [dbo].[SYS_ROLE_PERMISSION] ([ID], [ROLEID], [PERMISSIONID]) VALUES (2383, 5, 1187)
INSERT INTO [dbo].[SYS_ROLE_PERMISSION] ([ID], [ROLEID], [PERMISSIONID]) VALUES (2384, 5, 1188)
INSERT INTO [dbo].[SYS_ROLE_PERMISSION] ([ID], [ROLEID], [PERMISSIONID]) VALUES (2385, 5, 1189)
INSERT INTO [dbo].[SYS_ROLE_PERMISSION] ([ID], [ROLEID], [PERMISSIONID]) VALUES (2386, 5, 1190)
INSERT INTO [dbo].[SYS_ROLE_PERMISSION] ([ID], [ROLEID], [PERMISSIONID]) VALUES (2387, 5, 1191)
INSERT INTO [dbo].[SYS_ROLE_PERMISSION] ([ID], [ROLEID], [PERMISSIONID]) VALUES (2388, 5, 1192)
INSERT INTO [dbo].[SYS_ROLE_PERMISSION] ([ID], [ROLEID], [PERMISSIONID]) VALUES (2389, 5, 1193)
INSERT INTO [dbo].[SYS_ROLE_PERMISSION] ([ID], [ROLEID], [PERMISSIONID]) VALUES (2390, 5, 1194)
INSERT INTO [dbo].[SYS_ROLE_PERMISSION] ([ID], [ROLEID], [PERMISSIONID]) VALUES (2391, 5, 1195)
INSERT INTO [dbo].[SYS_ROLE_PERMISSION] ([ID], [ROLEID], [PERMISSIONID]) VALUES (2392, 5, 1196)
INSERT INTO [dbo].[SYS_ROLE_PERMISSION] ([ID], [ROLEID], [PERMISSIONID]) VALUES (2393, 5, 1199)
INSERT INTO [dbo].[SYS_ROLE_PERMISSION] ([ID], [ROLEID], [PERMISSIONID]) VALUES (2394, 5, 1200)
INSERT INTO [dbo].[SYS_ROLE_PERMISSION] ([ID], [ROLEID], [PERMISSIONID]) VALUES (2395, 5, 1201)
INSERT INTO [dbo].[SYS_ROLE_PERMISSION] ([ID], [ROLEID], [PERMISSIONID]) VALUES (2396, 5, 1202)
INSERT INTO [dbo].[SYS_ROLE_PERMISSION] ([ID], [ROLEID], [PERMISSIONID]) VALUES (2397, 5, 3291)
INSERT INTO [dbo].[SYS_ROLE_PERMISSION] ([ID], [ROLEID], [PERMISSIONID]) VALUES (2398, 5, 3292)
INSERT INTO [dbo].[SYS_ROLE_PERMISSION] ([ID], [ROLEID], [PERMISSIONID]) VALUES (2399, 5, 1203)
INSERT INTO [dbo].[SYS_ROLE_PERMISSION] ([ID], [ROLEID], [PERMISSIONID]) VALUES (2400, 5, 1204)
INSERT INTO [dbo].[SYS_ROLE_PERMISSION] ([ID], [ROLEID], [PERMISSIONID]) VALUES (2401, 5, 1205)
INSERT INTO [dbo].[SYS_ROLE_PERMISSION] ([ID], [ROLEID], [PERMISSIONID]) VALUES (2402, 5, 1206)
INSERT INTO [dbo].[SYS_ROLE_PERMISSION] ([ID], [ROLEID], [PERMISSIONID]) VALUES (2403, 5, 1207)
INSERT INTO [dbo].[SYS_ROLE_PERMISSION] ([ID], [ROLEID], [PERMISSIONID]) VALUES (2404, 5, 1208)
INSERT INTO [dbo].[SYS_ROLE_PERMISSION] ([ID], [ROLEID], [PERMISSIONID]) VALUES (2405, 5, 2203)
INSERT INTO [dbo].[SYS_ROLE_PERMISSION] ([ID], [ROLEID], [PERMISSIONID]) VALUES (2406, 5, 2204)
INSERT INTO [dbo].[SYS_ROLE_PERMISSION] ([ID], [ROLEID], [PERMISSIONID]) VALUES (2407, 5, 2205)
INSERT INTO [dbo].[SYS_ROLE_PERMISSION] ([ID], [ROLEID], [PERMISSIONID]) VALUES (2408, 5, 2206)
INSERT INTO [dbo].[SYS_ROLE_PERMISSION] ([ID], [ROLEID], [PERMISSIONID]) VALUES (2409, 5, 2207)
INSERT INTO [dbo].[SYS_ROLE_PERMISSION] ([ID], [ROLEID], [PERMISSIONID]) VALUES (2410, 5, 2209)
SET IDENTITY_INSERT [dbo].[SYS_ROLE_PERMISSION] OFF

SET IDENTITY_INSERT [dbo].[SYS_USER] ON
INSERT INTO [dbo].[SYS_USER] ([ID], [NAME], [ACCOUNT], [PASSWORD], [ISCANLOGIN], [SHOWORDER1], [SHOWORDER2], [PINYIN1], [PINYIN2], [FACE_IMG], [LEVELS], [DPTID], [CREATEPER], [CREATEDATE], [UPDATEUSER], [UPDATEDATE], [LastLoginIP]) VALUES (1, N'管理员', N'admin', N'9181D689684B31A2EA731FA3C2B0EF35AB1556E45395E75A9053376ECB2FD2021CECD60222B4BF56FCF09AB7E8750BF1', 0, 1, 1, N'guanliyuan', N'gly', N'', N'3', N'f5bd0e51-7942-4e8d-88d7-c87ce9b2a8b2', N'管理员', N'2015-01-01 00:00:00', N'管理员', N'2016-08-20 13:22:27', NULL)
SET IDENTITY_INSERT [dbo].[SYS_USER] OFF

SET IDENTITY_INSERT [dbo].[SYS_USER_ROLE] ON
INSERT INTO [dbo].[SYS_USER_ROLE] ([ID], [FK_USERID], [FK_ROLEID]) VALUES (2, 1, 1)
SET IDENTITY_INSERT [dbo].[SYS_USER_ROLE] OFF